subNum	BN	TN	TotalTrialNum	targetForce1	targetForce2	targetForce3	targetForce4	targetForce5	endForce1	endForce2	endForce3	endForce4	endForce5	endForcePurturbed1	endForcePurturbed2	endForcePurturbed3	endForcePurturbed4	endForcePurturbed5	purturbation1	purturbation2	purturbation3	purturbation4	purturbation5	forceGain	trialCorr	trialErrorType	num_targets
1	1	1	1	-2.0	-2.0	0.0	-2.0	-2.0	-6.2774385622041925e+66	-6.2774385622041925e+66	-6.2774385622041925e+66	-6.2774385622041925e+66	-6.2774385622041925e+66	-6.2774385622041925e+66	-6.2774385622041925e+66	-6.2774385622041925e+66	-6.2774385622041925e+66	-6.2774385622041925e+66	0.0	0.0	0.0	0.0	0.0	1.0	0	2	4
1	1	2	2	-2.0	-2.0	0.0	-2.0	-2.0	-4.056	-4.673	-2.611	-1.452	-2.025	-5.0	-3.886	-2.291	-1.208	-2.408	-0.94	0.79	0.32	0.24	-0.38	1.0	1	0	4
1	1	3	3	-2.0	-2.0	0.0	-2.0	-2.0	-1.075	-1.07	-0.826	-0.352	-0.729	-1.394	-0.54	-0.463	-0.113	-0.387	-0.32	0.53	0.36	0.24	0.34	1.0	1	0	4
1	1	4	4	-2.0	-2.0	0.0	-2.0	-2.0	-6.2774385622041925e+66	-6.2774385622041925e+66	-6.2774385622041925e+66	-6.2774385622041925e+66	-6.2774385622041925e+66	-6.2774385622041925e+66	-6.2774385622041925e+66	-6.2774385622041925e+66	-6.2774385622041925e+66	-6.2774385622041925e+66	0.0	0.0	0.0	0.0	0.0	1.0	0	2	4
1	1	5	5	-2.0	-2.0	0.0	-2.0	-2.0	-1.654	-2.745	-1.78	-0.903	-1.343	-1.272	-3.242	-1.403	-1.56	-1.138	0.38	-0.5	0.38	-0.66	0.21	1.0	1	0	4
1	1	6	6	-2.0	-2.0	0.0	-2.0	-2.0	-2.108	-2.402	-1.584	-1.082	-1.513	-1.309	-2.155	-1.262	-1.358	-1.326	0.8	0.25	0.32	-0.28	0.19	1.0	1	0	4
1	1	7	7	-2.0	-2.0	0.0	-2.0	-2.0	-1.727	-2.102	-1.512	-0.835	-1.497	-1.986	-1.654	-1.075	0.146	-1.435	-0.26	0.45	0.44	0.98	0.06	1.0	1	0	4
1	1	8	8	-2.0	-2.0	0.0	-2.0	-2.0	-1.909	-2.419	-1.792	-1.117	-1.285	-2.346	-2.379	-2.271	-2.463	-0.762	-0.44	0.04	-0.48	-1.35	0.52	1.0	1	0	4
1	1	9	9	-2.0	-2.0	0.0	-2.0	-2.0	-1.446	-1.753	-1.037	-0.819	-1.305	-1.321	-2.228	-0.75	-0.666	-1.61	0.12	-0.48	0.29	0.15	-0.31	1.0	1	0	4
1	1	10	10	-2.0	-2.0	0.0	-2.0	-2.0	-1.856	-2.07	-1.408	-1.046	-1.186	-2.029	-1.006	-1.352	-1.127	-0.624	-0.17	1.06	0.06	-0.08	0.56	1.0	1	0	4
1	1	11	11	-2.0	-2.0	0.0	-2.0	-2.0	-1.751	-1.82	-1.406	-1.299	-1.308	-1.822	-1.562	-1.627	-0.923	-0.662	-0.07	0.26	-0.22	0.38	0.65	1.0	1	0	4
1	1	12	12	-2.0	-2.0	0.0	-2.0	-2.0	-1.558	-2.781	-1.825	-0.926	-1.164	-1.681	-3.111	-1.7	-1.285	-0.912	-0.12	-0.33	0.12	-0.36	0.25	1.0	1	0	4
1	1	13	13	-2.0	-2.0	0.0	-2.0	-2.0	-2.051	-2.641	-1.84	-1.244	-1.287	-2.952	-2.666	-2.014	-0.706	-1.789	-0.9	-0.02	-0.17	0.54	-0.5	1.0	1	0	4
1	1	14	14	-2.0	-2.0	0.0	-2.0	-2.0	-1.946	-2.265	-1.254	-1.016	-1.054	-1.579	-2.218	-1.28	-0.795	-0.171	0.37	0.05	-0.03	0.22	0.88	1.0	1	0	4
1	1	15	15	-2.0	-2.0	0.0	-2.0	-2.0	-1.356	-1.982	-1.173	-0.784	-1.071	-1.608	-2.18	-1.121	-0.627	-1.139	-0.25	-0.2	0.05	0.16	-0.07	1.0	1	0	4
1	1	16	16	-2.0	-2.0	0.0	-2.0	-2.0	-1.462	-2.588	-2.226	-1.449	-1.454	-1.317	-3.373	-3.078	-1.476	-1.439	0.15	-0.79	-0.85	-0.03	0.01	1.0	1	0	4
1	1	17	17	-2.0	-2.0	0.0	-2.0	-2.0	-1.736	-3.005	-2.339	-1.534	-1.449	-1.049	-3.349	-2.703	-1.178	-1.726	0.69	-0.34	-0.36	0.36	-0.28	1.0	1	0	4
1	1	18	18	-2.0	-2.0	0.0	-2.0	-2.0	-1.992	-2.294	-1.542	-1.066	-1.157	-1.913	-2.516	-1.725	-0.868	-1.49	0.08	-0.22	-0.18	0.2	-0.33	1.0	1	0	4
1	1	19	19	-2.0	-2.0	0.0	-2.0	-2.0	-1.632	-1.977	-1.688	-1.29	-0.943	-2.43	-1.371	-2.002	-1.411	-1.162	-0.8	0.61	-0.31	-0.12	-0.22	1.0	1	0	4
1	1	20	20	-2.0	-2.0	0.0	-2.0	-2.0	-1.595	-2.568	-2.075	-1.276	-1.314	-2.07	-2.416	-1.791	-2.152	-0.968	-0.47	0.15	0.28	-0.88	0.35	1.0	1	0	4
1	1	21	21	-2.0	-2.0	0.0	-2.0	-2.0	-1.605	-2.707	-2.234	-1.597	-0.951	-0.996	-2.0	-1.911	-1.973	-1.296	0.61	0.71	0.32	-0.38	-0.35	1.0	1	0	4
1	1	22	22	-2.0	-2.0	0.0	-2.0	-2.0	-1.655	-2.114	-2.126	-1.485	-0.69	-1.451	-1.737	-3.044	-1.375	-1.189	0.2	0.38	-0.92	0.11	-0.5	1.0	1	0	4
1	1	23	23	-2.0	-2.0	0.0	-2.0	-2.0	-2.158	-1.685	-1.395	-1.655	-1.091	-2.364	-1.99	-1.284	-1.01	-0.972	-0.21	-0.3	0.11	0.64	0.12	1.0	1	0	4
1	1	24	24	-2.0	-2.0	0.0	-2.0	-2.0	-1.708	-2.206	-1.539	-1.152	-0.799	-0.853	-1.882	-1.992	-1.462	-1.233	0.86	0.32	-0.45	-0.31	-0.43	1.0	1	0	4
1	1	25	25	-2.0	-2.0	0.0	-2.0	-2.0	-1.345	-1.603	-1.988	-2.188	-1.484	-1.61	-2.021	-1.716	-1.941	-0.596	-0.27	-0.42	0.27	0.25	0.89	1.0	1	0	4
1	1	26	26	-2.0	-2.0	0.0	-2.0	-2.0	-1.626	-1.749	-1.974	-1.658	-1.17	-0.869	-1.516	-1.985	-1.854	-2.324	0.76	0.23	-0.01	-0.2	-1.15	1.0	1	0	4
1	1	27	27	-2.0	-2.0	0.0	-2.0	-2.0	-1.767	-2.392	-1.79	-1.434	-1.174	-2.323	-2.726	-2.284	-1.433	-0.902	-0.56	-0.33	-0.49	0.0	0.27	1.0	1	0	4
1	1	28	28	-2.0	-2.0	0.0	-2.0	-2.0	-1.606	-2.222	-1.511	-1.402	-1.337	-1.471	-2.85	-1.791	-1.701	-1.253	0.14	-0.63	-0.28	-0.3	0.08	1.0	1	0	4
1	1	29	29	-2.0	-2.0	0.0	-2.0	-2.0	-1.08	-1.792	-1.294	-0.894	-0.822	-1.569	-1.577	-1.611	-0.497	-0.435	-0.49	0.22	-0.32	0.4	0.39	1.0	1	0	4
1	1	30	30	-2.0	-2.0	0.0	-2.0	-2.0	-1.567	-1.652	-1.567	-1.946	-1.676	-1.432	-1.586	-2.066	-1.9	-2.461	0.14	0.07	-0.5	0.05	-0.78	1.0	1	0	4
1	2	1	31	-2.0	-2.0	-2.0	0.0	0.0	-2.802	-2.849	-3.015	-0.038	-0.043	-2.567	-1.473	-3.361	-0.615	-0.142	0.23	1.38	-0.35	-0.58	-0.1	1.0	1	0	3
1	2	2	32	-2.0	-2.0	-2.0	0.0	0.0	-2.051	-1.979	-2.816	-0.056	-0.007	-2.127	-2.325	-3.07	-0.156	0.632	-0.08	-0.35	-0.25	-0.1	0.64	1.0	1	0	3
1	2	3	33	-2.0	-2.0	-2.0	0.0	0.0	-1.829	-1.729	-2.238	0.01	-0.026	-1.447	-1.879	-2.572	-1.355	-0.942	0.38	-0.15	-0.33	-1.36	-0.92	1.0	1	0	3
1	2	4	34	-2.0	-2.0	-2.0	0.0	0.0	-1.629	-0.972	-2.068	-0.029	-0.05	-1.059	-1.139	-2.66	-0.37	0.3	0.57	-0.17	-0.59	-0.34	0.35	1.0	1	0	3
1	2	5	35	-2.0	-2.0	-2.0	0.0	0.0	-2.081	-2.799	-1.967	0.0	-0.028	-2.48	-3.294	-2.627	0.171	0.9	-0.4	-0.5	-0.66	0.17	0.93	1.0	1	0	3
1	2	6	36	-2.0	-2.0	-2.0	0.0	0.0	-1.568	-2.664	-1.416	-0.032	-0.134	-2.462	-2.812	-0.548	0.388	-0.071	-0.89	-0.15	0.87	0.42	0.06	1.0	1	0	3
1	2	7	37	-2.0	-2.0	-2.0	0.0	0.0	-1.929	-1.284	-2.692	-0.182	-0.149	-2.095	-1.815	-2.089	-0.747	0.046	-0.17	-0.53	0.6	-0.56	0.2	1.0	1	0	3
1	2	8	38	-2.0	-2.0	-2.0	0.0	0.0	-1.594	-1.191	-2.872	-0.0	-0.081	-2.226	-0.9	-2.872	-0.135	0.026	-0.63	0.29	0.0	-0.14	0.11	1.0	1	0	3
1	2	9	39	-2.0	-2.0	-2.0	0.0	0.0	-2.115	-1.971	-2.069	-0.088	-0.115	-2.222	-1.645	-1.921	-0.108	-0.488	-0.11	0.33	0.15	-0.02	-0.37	1.0	1	0	3
1	2	10	40	-2.0	-2.0	-2.0	0.0	0.0	-1.967	-1.543	-2.789	-0.048	-0.055	-1.953	-1.351	-2.539	-0.687	0.616	0.01	0.19	0.25	-0.64	0.67	1.0	1	0	3
1	2	11	41	-2.0	-2.0	-2.0	0.0	0.0	-1.214	-0.99	-1.506	-0.044	-0.1	-1.048	-0.275	-1.817	0.68	-0.523	0.17	0.72	-0.31	0.72	-0.42	1.0	1	0	3
1	2	12	42	-2.0	-2.0	-2.0	0.0	0.0	-1.683	-1.829	-2.33	-0.097	-0.087	-2.058	-1.6	-2.778	-0.634	-0.545	-0.37	0.23	-0.45	-0.54	-0.46	1.0	1	0	3
1	2	13	43	-2.0	-2.0	-2.0	0.0	0.0	-1.788	-1.465	-2.341	-0.009	-0.102	-1.471	-1.285	-2.548	0.409	1.038	0.32	0.18	-0.21	0.42	1.14	1.0	1	0	3
1	2	14	44	-2.0	-2.0	-2.0	0.0	0.0	-1.985	-1.744	-2.35	-0.089	-0.091	-1.838	-1.313	-2.793	-0.155	-0.267	0.15	0.43	-0.44	-0.07	-0.18	1.0	1	0	3
1	2	15	45	-2.0	-2.0	-2.0	0.0	0.0	-1.71	-1.709	-1.954	-0.075	-0.086	-1.59	-1.082	-2.504	0.247	-1.655	0.12	0.63	-0.55	0.32	-1.57	1.0	1	0	3
1	2	16	46	-2.0	-2.0	-2.0	0.0	0.0	-2.24	-2.438	-2.954	-0.113	-0.052	-2.354	-2.116	-3.096	-0.41	-0.855	-0.11	0.32	-0.14	-0.3	-0.8	1.0	1	0	3
1	2	17	47	-2.0	-2.0	-2.0	0.0	0.0	-2.134	-1.796	-2.54	-0.24	-0.089	-1.954	-1.349	-3.066	0.039	0.413	0.18	0.45	-0.53	0.28	0.5	1.0	1	0	3
1	2	18	48	-2.0	-2.0	-2.0	0.0	0.0	-2.392	-2.378	-2.369	-0.105	-0.062	-2.533	-2.985	-2.268	-0.24	-0.296	-0.14	-0.61	0.1	-0.14	-0.23	1.0	1	0	3
1	2	19	49	-2.0	-2.0	-2.0	0.0	0.0	-1.465	-1.169	-1.646	-0.125	-0.105	-2.283	-0.734	-0.613	0.136	0.861	-0.82	0.44	1.03	0.26	0.97	1.0	1	0	3
1	2	20	50	-2.0	-2.0	-2.0	0.0	0.0	-2.047	-1.781	-2.094	-0.201	-0.094	-1.148	-2.209	-1.874	-0.361	-0.978	0.9	-0.43	0.22	-0.16	-0.88	1.0	1	0	3
1	2	21	51	-2.0	-2.0	-2.0	0.0	0.0	-2.537	-1.871	-2.437	-0.045	-0.087	-3.032	-1.94	-2.337	0.099	-0.24	-0.5	-0.07	0.1	0.14	-0.15	1.0	1	0	3
1	2	22	52	-2.0	-2.0	-2.0	0.0	0.0	-6.2774385622041925e+66	-6.2774385622041925e+66	-6.2774385622041925e+66	-6.2774385622041925e+66	-6.2774385622041925e+66	-6.2774385622041925e+66	-6.2774385622041925e+66	-6.2774385622041925e+66	-6.2774385622041925e+66	-6.2774385622041925e+66	0.0	0.0	0.0	0.0	0.0	1.0	0	1	3
1	2	23	53	-2.0	-2.0	-2.0	0.0	0.0	-6.2774385622041925e+66	-6.2774385622041925e+66	-6.2774385622041925e+66	-6.2774385622041925e+66	-6.2774385622041925e+66	-6.2774385622041925e+66	-6.2774385622041925e+66	-6.2774385622041925e+66	-6.2774385622041925e+66	-6.2774385622041925e+66	0.0	0.0	0.0	0.0	0.0	1.0	0	1	3
1	2	24	54	-2.0	-2.0	-2.0	0.0	0.0	-2.988	-2.077	-3.073	-0.041	-0.044	-1.217	-1.833	-3.774	0.347	-0.225	1.77	0.24	-0.7	0.39	-0.18	1.0	1	0	3
1	2	25	55	-2.0	-2.0	-2.0	0.0	0.0	-3.427	-1.793	-3.985	-0.081	0.005	-4.147	-1.713	-3.616	-0.427	1.056	-0.72	0.08	0.37	-0.35	1.05	1.0	1	0	3
1	2	26	56	-2.0	-2.0	-2.0	0.0	0.0	-3.117	-2.34	-3.159	-0.145	0.024	-3.264	-2.847	-3.393	0.151	0.204	-0.15	-0.51	-0.23	0.3	0.18	1.0	1	0	3
1	2	27	57	-2.0	-2.0	-2.0	0.0	0.0	-6.2774385622041925e+66	-6.2774385622041925e+66	-6.2774385622041925e+66	-6.2774385622041925e+66	-6.2774385622041925e+66	-6.2774385622041925e+66	-6.2774385622041925e+66	-6.2774385622041925e+66	-6.2774385622041925e+66	-6.2774385622041925e+66	0.0	0.0	0.0	0.0	0.0	1.0	0	1	3
1	2	28	58	-2.0	-2.0	-2.0	0.0	0.0	-2.136	-1.859	-2.456	-0.116	-0.019	-1.849	-1.081	-2.496	0.002	-0.121	0.29	0.78	-0.04	0.12	-0.1	1.0	1	0	3
1	2	29	59	-2.0	-2.0	-2.0	0.0	0.0	-2.477	-1.739	-2.741	-0.173	-0.018	-2.503	-1.847	-2.292	-0.633	0.037	-0.03	-0.11	0.45	-0.46	0.05	1.0	1	0	3
1	2	30	60	-2.0	-2.0	-2.0	0.0	0.0	-2.527	-1.43	-2.963	-0.215	-0.092	-2.771	-1.474	-3.918	-0.49	-0.609	-0.24	-0.04	-0.96	-0.28	-0.52	1.0	1	0	3
1	3	1	61	0.0	-2.0	0.0	-2.0	-2.0	-0.199	-1.84	-1.43	-1.182	-1.332	-1.335	-1.754	-1.07	-0.642	-1.066	-1.14	0.09	0.36	0.54	0.27	1.0	1	0	3
1	3	2	62	0.0	-2.0	0.0	-2.0	-2.0	-6.2774385622041925e+66	-6.2774385622041925e+66	-6.2774385622041925e+66	-6.2774385622041925e+66	-6.2774385622041925e+66	-6.2774385622041925e+66	-6.2774385622041925e+66	-6.2774385622041925e+66	-6.2774385622041925e+66	-6.2774385622041925e+66	0.0	0.0	0.0	0.0	0.0	1.0	0	1	3
1	3	3	63	0.0	-2.0	0.0	-2.0	-2.0	-0.189	-1.027	-0.961	-1.157	-0.719	-0.716	-2.084	0.175	-1.39	-0.451	-0.53	-1.06	1.14	-0.23	0.27	1.0	1	0	3
1	3	4	64	0.0	-2.0	0.0	-2.0	-2.0	-6.2774385622041925e+66	-6.2774385622041925e+66	-6.2774385622041925e+66	-6.2774385622041925e+66	-6.2774385622041925e+66	-6.2774385622041925e+66	-6.2774385622041925e+66	-6.2774385622041925e+66	-6.2774385622041925e+66	-6.2774385622041925e+66	0.0	0.0	0.0	0.0	0.0	1.0	0	2	3
1	3	5	65	0.0	-2.0	0.0	-2.0	-2.0	-0.327	-1.631	-1.884	-1.295	-1.393	-0.557	-1.779	-1.172	-1.028	-1.188	-0.23	-0.15	0.71	0.27	0.21	1.0	1	0	3
1	3	6	66	0.0	-2.0	0.0	-2.0	-2.0	-0.39	-2.452	-1.556	-1.243	-1.537	-0.662	-1.816	-2.104	-1.43	-1.525	-0.27	0.64	-0.55	-0.19	0.01	1.0	1	0	3
1	3	7	67	0.0	-2.0	0.0	-2.0	-2.0	-0.421	-2.917	-2.155	-1.346	-1.751	-0.649	-2.424	-1.835	-1.433	-1.418	-0.23	0.49	0.32	-0.09	0.33	1.0	1	0	3
1	3	8	68	0.0	-2.0	0.0	-2.0	-2.0	-0.427	-3.054	-2.435	-1.389	-1.918	-0.273	-3.411	-3.539	-1.65	-0.817	0.15	-0.36	-1.1	-0.26	1.1	1.0	1	0	3
1	3	9	69	0.0	-2.0	0.0	-2.0	-2.0	-0.357	-1.959	-1.629	-1.427	-1.844	-0.345	-3.222	-2.362	-1.421	-1.453	0.01	-1.26	-0.73	0.01	0.39	1.0	1	0	3
1	3	10	70	0.0	-2.0	0.0	-2.0	-2.0	-0.458	-2.009	-1.526	-1.357	-2.001	-1.282	-2.211	-0.44	-1.062	-2.357	-0.82	-0.2	1.09	0.29	-0.36	1.0	1	0	3
1	3	11	71	0.0	-2.0	0.0	-2.0	-2.0	-0.481	-2.493	-1.608	-1.56	-2.428	-0.495	-2.637	-1.264	-1.829	-2.122	-0.01	-0.14	0.34	-0.27	0.31	1.0	1	0	3
1	3	12	72	0.0	-2.0	0.0	-2.0	-2.0	-0.452	-2.899	-1.986	-1.308	-1.718	-0.295	-2.851	-1.592	-1.422	-1.671	0.16	0.05	0.39	-0.11	0.05	1.0	1	0	3
1	3	13	73	0.0	-2.0	0.0	-2.0	-2.0	-0.473	-2.877	-1.441	-1.158	-1.784	-1.937	-3.039	-0.308	-1.177	-1.406	-1.46	-0.16	1.13	-0.02	0.38	1.0	1	0	3
1	3	14	74	0.0	-2.0	0.0	-2.0	-2.0	-0.538	-2.972	-1.367	-1.131	-1.806	0.269	-3.786	-1.054	-1.866	-1.273	0.81	-0.81	0.31	-0.74	0.53	1.0	1	0	3
1	3	15	75	0.0	-2.0	0.0	-2.0	-2.0	-0.494	-2.969	-1.058	-1.512	-2.371	-0.743	-2.872	-0.433	-0.382	-2.136	-0.25	0.1	0.62	1.13	0.23	1.0	1	0	3
1	3	16	76	0.0	-2.0	0.0	-2.0	-2.0	-0.489	-2.518	-1.963	-1.998	-1.128	-0.475	-3.013	-2.397	-3.007	-0.993	0.01	-0.5	-0.43	-1.01	0.13	1.0	1	0	3
1	3	17	77	0.0	-2.0	0.0	-2.0	-2.0	-0.46	-1.996	-0.959	-1.65	-1.852	-0.214	-1.812	-0.063	-0.736	-2.327	0.25	0.18	0.9	0.91	-0.47	1.0	1	0	3
1	3	18	78	0.0	-2.0	0.0	-2.0	-2.0	-0.357	-2.161	-1.212	-1.902	-1.004	-0.215	-2.768	-1.974	-2.525	-1.215	0.14	-0.61	-0.76	-0.62	-0.21	1.0	1	0	3
1	3	19	79	0.0	-2.0	0.0	-2.0	-2.0	-0.322	-1.649	-0.815	-2.048	-2.237	0.471	-1.408	-1.717	-1.27	-2.783	0.79	0.24	-0.9	0.78	-0.55	1.0	1	0	3
1	3	20	80	0.0	-2.0	0.0	-2.0	-2.0	-0.284	-2.264	-1.231	-2.059	-2.345	0.282	-0.843	-1.219	-2.343	-2.103	0.57	1.42	0.01	-0.28	0.24	1.0	1	0	3
1	3	21	81	0.0	-2.0	0.0	-2.0	-2.0	-0.041	-2.473	-1.022	-1.973	-2.188	0.764	-2.137	-0.935	-1.548	-1.797	0.8	0.34	0.09	0.43	0.39	1.0	1	0	3
1	3	22	82	0.0	-2.0	0.0	-2.0	-2.0	-0.233	-2.274	-1.094	-1.829	-1.885	-0.375	-2.386	-1.279	-1.125	-2.257	-0.14	-0.11	-0.18	0.7	-0.37	1.0	1	0	3
1	3	23	83	0.0	-2.0	0.0	-2.0	-2.0	-0.243	-2.186	-1.304	-2.177	-1.571	0.853	-2.509	-0.18	-2.884	-2.013	1.1	-0.32	1.12	-0.71	-0.44	1.0	1	0	3
1	3	24	84	0.0	-2.0	0.0	-2.0	-2.0	-0.228	-1.903	-1.324	-1.428	-0.717	-0.989	-2.44	-1.844	-1.716	-0.829	-0.76	-0.54	-0.52	-0.29	-0.11	1.0	1	0	3
1	3	25	85	0.0	-2.0	0.0	-2.0	-2.0	-0.276	-2.165	-1.265	-1.635	-0.631	0.148	-1.914	-0.816	-1.869	-0.874	0.42	0.25	0.45	-0.23	-0.24	1.0	1	0	3
1	3	26	86	0.0	-2.0	0.0	-2.0	-2.0	-0.235	-1.712	-1.002	-1.844	-1.1	-0.435	-0.756	-1.691	-1.757	-1.07	-0.2	0.96	-0.69	0.09	0.03	1.0	1	0	3
1	3	27	87	0.0	-2.0	0.0	-2.0	-2.0	-0.274	-1.878	-1.184	-2.082	-1.299	0.207	-2.188	-0.976	-1.295	-1.56	0.48	-0.31	0.21	0.79	-0.26	1.0	1	0	3
1	3	28	88	0.0	-2.0	0.0	-2.0	-2.0	-0.234	-2.174	-1.386	-2.027	-1.167	-0.19	-2.356	-1.281	-1.208	-1.402	0.04	-0.18	0.1	0.82	-0.23	1.0	1	0	3
1	3	29	89	0.0	-2.0	0.0	-2.0	-2.0	-0.231	-2.139	-1.226	-2.077	-1.103	-0.313	-1.759	-1.185	-1.855	-1.429	-0.08	0.38	0.04	0.22	-0.33	1.0	1	0	3
1	3	30	90	0.0	-2.0	0.0	-2.0	-2.0	-0.202	-1.466	-1.282	-1.517	-1.223	-0.657	-1.283	-1.586	-0.718	-2.043	-0.46	0.18	-0.3	0.8	-0.82	1.0	1	0	3
1	4	1	91	-2.0	-2.0	0.0	0.0	-2.0	-4.438	-4.875	-0.673	-0.922	-2.86	-4.836	-3.932	-0.427	-1.132	-3.316	-0.4	0.94	0.25	-0.21	-0.46	1.0	1	0	3
1	4	2	92	-2.0	-2.0	0.0	0.0	-2.0	-6.2774385622041925e+66	-6.2774385622041925e+66	-6.2774385622041925e+66	-6.2774385622041925e+66	-6.2774385622041925e+66	-6.2774385622041925e+66	-6.2774385622041925e+66	-6.2774385622041925e+66	-6.2774385622041925e+66	-6.2774385622041925e+66	0.0	0.0	0.0	0.0	0.0	1.0	0	1	3
1	4	3	93	-2.0	-2.0	0.0	0.0	-2.0	-1.62	-0.685	-0.006	-0.874	-1.92	-1.871	-1.497	0.755	-1.0	-2.234	-0.25	-0.81	0.76	-0.13	-0.31	1.0	1	0	3
1	4	4	94	-2.0	-2.0	0.0	0.0	-2.0	-6.2774385622041925e+66	-6.2774385622041925e+66	-6.2774385622041925e+66	-6.2774385622041925e+66	-6.2774385622041925e+66	-6.2774385622041925e+66	-6.2774385622041925e+66	-6.2774385622041925e+66	-6.2774385622041925e+66	-6.2774385622041925e+66	0.0	0.0	0.0	0.0	0.0	1.0	0	1	3
1	4	5	95	-2.0	-2.0	0.0	0.0	-2.0	-2.138	-1.132	-0.258	-0.399	-2.229	-2.027	-1.232	-0.142	-0.533	-2.012	0.11	-0.1	0.12	-0.13	0.22	1.0	1	0	3
1	4	6	96	-2.0	-2.0	0.0	0.0	-2.0	-2.624	-1.738	-0.059	-0.239	-2.731	-2.622	-1.77	-0.244	-0.125	-2.985	0.0	-0.03	-0.18	0.11	-0.25	1.0	1	0	3
1	4	7	97	-2.0	-2.0	0.0	0.0	-2.0	-2.027	-2.119	-0.007	-0.095	-1.604	-1.984	-2.111	-0.102	0.103	-1.908	0.04	0.01	-0.09	0.2	-0.3	1.0	1	0	3
1	4	8	98	-2.0	-2.0	0.0	0.0	-2.0	-1.702	-0.672	-0.027	-1.01	-1.844	-0.276	-0.891	-0.62	-0.522	-2.022	1.43	-0.22	-0.59	0.49	-0.18	1.0	1	0	3
1	4	9	99	-2.0	-2.0	0.0	0.0	-2.0	-1.533	-1.864	-0.135	-0.398	-1.578	-2.253	-2.138	0.048	-0.269	-1.875	-0.72	-0.27	0.18	0.13	-0.3	1.0	1	0	3
1	4	10	100	-2.0	-2.0	0.0	0.0	-2.0	-1.837	-1.601	-0.011	-0.373	-3.146	-2.036	-0.23	-0.34	-0.482	-2.44	-0.2	1.37	-0.33	-0.11	0.71	1.0	1	0	3
1	4	11	101	-2.0	-2.0	0.0	0.0	-2.0	-1.986	-3.519	-0.046	-0.09	-1.889	-2.418	-2.811	0.466	-0.029	-2.053	-0.43	0.71	0.51	0.06	-0.16	1.0	1	0	3
1	4	12	102	-2.0	-2.0	0.0	0.0	-2.0	-2.771	-1.719	-0.091	-0.193	-2.441	-2.827	-2.186	0.288	0.247	-3.162	-0.06	-0.47	0.38	0.44	-0.72	1.0	1	0	3
1	4	13	103	-2.0	-2.0	0.0	0.0	-2.0	-3.056	-2.289	-0.032	-0.235	-1.845	-2.486	-1.991	-0.228	0.041	-2.34	0.57	0.3	-0.2	0.28	-0.49	1.0	1	0	3
1	4	14	104	-2.0	-2.0	0.0	0.0	-2.0	-2.623	-1.35	-0.142	-0.218	-2.157	-2.301	-0.599	-0.771	-0.407	-2.248	0.32	0.75	-0.63	-0.19	-0.09	1.0	1	0	3
1	4	15	105	-2.0	-2.0	0.0	0.0	-2.0	-1.967	-1.709	0.002	-0.191	-2.358	-2.868	-1.527	-0.11	-0.533	-1.96	-0.9	0.18	-0.11	-0.34	0.4	1.0	1	0	3
1	4	16	106	-2.0	-2.0	0.0	0.0	-2.0	-2.007	-1.878	-0.019	-0.195	-1.884	-1.548	-1.31	0.074	0.96	-1.265	0.46	0.57	0.09	1.16	0.62	1.0	1	0	3
1	4	17	107	-2.0	-2.0	0.0	0.0	-2.0	-2.757	-1.649	-0.24	-0.27	-1.716	-3.089	-1.281	0.327	0.375	-1.613	-0.33	0.37	0.57	0.64	0.1	1.0	1	0	3
1	4	18	108	-2.0	-2.0	0.0	0.0	-2.0	-2.312	-2.049	-0.107	-0.212	-1.496	-1.388	-1.943	0.22	0.291	-1.338	0.92	0.11	0.33	0.5	0.16	1.0	1	0	3
1	4	19	109	-2.0	-2.0	0.0	0.0	-2.0	-2.112	-2.285	-0.019	-0.217	-1.885	-1.919	-3.188	0.015	-0.146	-1.627	0.19	-0.9	0.03	0.07	0.26	1.0	1	0	3
1	4	20	110	-2.0	-2.0	0.0	0.0	-2.0	-2.037	-2.364	-0.064	-0.122	-1.272	-2.287	-2.425	-0.13	-0.278	-1.197	-0.25	-0.06	-0.07	-0.16	0.07	1.0	1	0	3
1	4	21	111	-2.0	-2.0	0.0	0.0	-2.0	-1.438	-2.095	-0.091	-0.069	-0.876	-1.818	-2.244	-0.896	-0.36	-1.042	-0.38	-0.15	-0.8	-0.29	-0.17	1.0	1	0	3
1	4	22	112	-2.0	-2.0	0.0	0.0	-2.0	-1.717	-2.154	-0.038	-0.088	-1.23	-1.506	-2.635	0.616	1.131	-1.595	0.21	-0.48	0.65	1.22	-0.36	1.0	1	0	3
1	4	23	113	-2.0	-2.0	0.0	0.0	-2.0	-1.933	-2.084	-0.001	0.004	-1.322	-2.025	-1.827	0.308	-0.067	-0.921	-0.09	0.26	0.31	-0.07	0.4	1.0	1	0	3
1	4	24	114	-2.0	-2.0	0.0	0.0	-2.0	-2.629	-1.446	-0.005	-0.332	-2.811	-3.335	-1.004	-0.577	-0.061	-3.71	-0.71	0.44	-0.57	0.27	-0.9	1.0	1	0	3
1	4	25	115	-2.0	-2.0	0.0	0.0	-2.0	-1.658	-1.348	0.001	-0.113	-1.494	-1.612	-1.277	0.701	-1.154	-1.14	0.05	0.07	0.7	-1.04	0.35	1.0	1	0	3
1	4	26	116	-2.0	-2.0	0.0	0.0	-2.0	-1.892	-1.896	-0.12	-0.188	-1.396	-1.575	-1.727	-0.414	0.242	-1.509	0.32	0.17	-0.29	0.43	-0.11	1.0	1	0	3
1	4	27	117	-2.0	-2.0	0.0	0.0	-2.0	-2.105	-2.697	-0.101	-0.013	-0.913	-2.186	-2.509	-0.672	-0.326	-1.425	-0.08	0.19	-0.57	-0.31	-0.51	1.0	1	0	3
1	4	28	118	-2.0	-2.0	0.0	0.0	-2.0	-1.503	-1.528	0.003	0.011	-1.046	-1.318	-2.321	-0.17	0.119	-1.169	0.18	-0.79	-0.17	0.11	-0.12	1.0	1	0	3
1	4	29	119	-2.0	-2.0	0.0	0.0	-2.0	-1.841	-1.403	0.004	-0.273	-1.801	-1.79	-1.039	0.664	-0.529	-1.794	0.05	0.36	0.66	-0.26	0.01	1.0	1	0	3
1	4	30	120	-2.0	-2.0	0.0	0.0	-2.0	-1.573	-1.74	-0.003	-0.134	-1.39	-1.065	-2.079	-0.105	-0.791	-0.866	0.51	-0.34	-0.1	-0.66	0.52	1.0	1	0	3
1	5	1	121	-2.0	0.0	0.0	0.0	-2.0	-3.49	-0.329	-0.282	-0.279	-2.861	-3.167	-0.066	-0.734	-0.556	-3.527	0.32	0.26	-0.45	-0.28	-0.67	1.0	1	0	2
1	5	2	122	-2.0	0.0	0.0	0.0	-2.0	-1.641	-0.046	-0.003	-0.156	-1.702	-1.521	-0.158	-0.292	-0.742	-1.823	0.12	-0.11	-0.29	-0.59	-0.12	1.0	1	0	2
1	5	3	123	-2.0	0.0	0.0	0.0	-2.0	-1.509	-0.011	-0.002	-0.108	-1.602	-1.297	-0.041	0.037	0.252	-1.255	0.21	-0.03	0.04	0.36	0.35	1.0	1	0	2
1	5	4	124	-2.0	0.0	0.0	0.0	-2.0	-2.149	-0.135	-0.043	-0.304	-1.677	-2.09	-0.522	0.658	-0.069	-1.854	0.06	-0.39	0.7	0.24	-0.18	1.0	1	0	2
1	5	5	125	-2.0	0.0	0.0	0.0	-2.0	-2.013	0.013	0.027	-0.293	-2.237	-1.729	-0.033	-0.802	-0.802	-1.978	0.28	-0.05	-0.83	-0.51	0.26	1.0	1	0	2
1	5	6	126	-2.0	0.0	0.0	0.0	-2.0	-1.485	0.016	0.005	-0.222	-1.826	-1.259	0.061	0.522	-0.304	-1.954	0.23	0.04	0.52	-0.08	-0.13	1.0	1	0	2
1	5	7	127	-2.0	0.0	0.0	0.0	-2.0	-2.352	0.044	-0.07	-0.339	-1.472	-1.837	-0.15	0.244	-0.349	-1.766	0.51	-0.19	0.31	-0.01	-0.29	1.0	1	0	2
1	5	8	128	-2.0	0.0	0.0	0.0	-2.0	-1.578	0.041	0.031	-0.156	-1.807	-1.518	-0.125	-0.066	-0.524	-1.477	0.06	-0.17	-0.1	-0.37	0.33	1.0	1	0	2
1	5	9	129	-2.0	0.0	0.0	0.0	-2.0	-2.376	-0.027	0.002	-0.421	-2.22	-1.552	-0.422	0.182	-1.098	-2.642	0.82	-0.39	0.18	-0.68	-0.42	1.0	1	0	2
1	5	10	130	-2.0	0.0	0.0	0.0	-2.0	-2.372	0.03	0.033	-0.461	-2.38	-3.211	0.003	0.307	-0.589	-2.846	-0.84	-0.03	0.27	-0.13	-0.47	1.0	1	0	2
1	5	11	131	-2.0	0.0	0.0	0.0	-2.0	-6.2774385622041925e+66	-6.2774385622041925e+66	-6.2774385622041925e+66	-6.2774385622041925e+66	-6.2774385622041925e+66	-6.2774385622041925e+66	-6.2774385622041925e+66	-6.2774385622041925e+66	-6.2774385622041925e+66	-6.2774385622041925e+66	0.0	0.0	0.0	0.0	0.0	1.0	0	1	2
1	5	12	132	-2.0	0.0	0.0	0.0	-2.0	-2.259	-0.018	0.001	-0.461	-2.571	-2.182	-0.794	0.168	-0.787	-2.731	0.08	-0.78	0.17	-0.33	-0.16	1.0	1	0	2
1	5	13	133	-2.0	0.0	0.0	0.0	-2.0	-2.302	-0.121	-0.019	-0.454	-2.517	-2.388	-0.485	-0.858	-1.207	-3.042	-0.09	-0.36	-0.84	-0.75	-0.52	1.0	1	0	2
1	5	14	134	-2.0	0.0	0.0	0.0	-2.0	-1.97	-0.119	0.071	-0.332	-2.251	-2.308	0.191	-0.296	-0.514	-2.513	-0.34	0.31	-0.37	-0.18	-0.26	1.0	1	0	2
1	5	15	135	-2.0	0.0	0.0	0.0	-2.0	-1.786	-0.025	-0.018	-0.471	-1.978	-1.877	-0.136	0.111	-0.289	-1.642	-0.09	-0.11	0.13	0.18	0.34	1.0	1	0	2
1	5	16	136	-2.0	0.0	0.0	0.0	-2.0	-1.947	-0.059	0.059	-0.365	-1.912	-1.408	-0.16	-0.056	0.046	-1.85	0.54	-0.1	-0.12	0.41	0.06	1.0	1	0	2
1	5	17	137	-2.0	0.0	0.0	0.0	-2.0	-2.679	-0.071	-0.012	-0.511	-2.118	-3.006	0.212	0.126	-0.605	-2.381	-0.33	0.28	0.14	-0.09	-0.26	1.0	1	0	2
1	5	18	138	-2.0	0.0	0.0	0.0	-2.0	-1.694	-0.143	0.039	-0.198	-1.326	-1.886	0.441	0.129	-0.867	-1.329	-0.19	0.58	0.09	-0.67	-0.0	1.0	1	0	2
1	5	19	139	-2.0	0.0	0.0	0.0	-2.0	-1.934	-0.08	-0.016	-0.355	-1.912	-2.649	0.216	0.594	-0.122	-1.411	-0.72	0.3	0.61	0.23	0.5	1.0	1	0	2
1	5	20	140	-2.0	0.0	0.0	0.0	-2.0	-1.701	-0.104	0.073	-0.339	-2.015	-1.398	0.42	0.627	-0.576	-1.953	0.3	0.52	0.55	-0.24	0.06	1.0	1	0	2
1	5	21	141	-2.0	0.0	0.0	0.0	-2.0	-1.958	-0.061	0.045	-0.263	-1.711	-2.173	0.278	-0.322	-0.104	-1.791	-0.22	0.34	-0.37	0.16	-0.08	1.0	1	0	2
1	5	22	142	-2.0	0.0	0.0	0.0	-2.0	-2.226	-0.206	0.053	-0.288	-1.675	-2.887	-0.735	-0.309	-0.089	-2.043	-0.66	-0.53	-0.36	0.2	-0.37	1.0	1	0	2
1	5	23	143	-2.0	0.0	0.0	0.0	-2.0	-2.402	-0.029	-0.012	-0.25	-2.046	-2.916	-0.587	-0.402	-0.52	-2.476	-0.51	-0.56	-0.39	-0.27	-0.43	1.0	1	0	2
1	5	24	144	-2.0	0.0	0.0	0.0	-2.0	-2.107	-0.074	0.025	-0.285	-1.964	-1.957	0.123	0.421	-1.663	-2.871	0.15	0.2	0.4	-1.38	-0.91	1.0	1	0	2
1	5	25	145	-2.0	0.0	0.0	0.0	-2.0	-1.903	-0.024	-0.027	-0.171	-1.476	-1.601	0.019	0.576	-0.132	-1.409	0.3	0.04	0.6	0.04	0.07	1.0	1	0	2
1	5	26	146	-2.0	0.0	0.0	0.0	-2.0	-1.801	-0.062	0.019	-0.351	-1.831	-1.551	-0.784	0.289	0.039	-1.359	0.25	-0.72	0.27	0.39	0.47	1.0	1	0	2
1	5	27	147	-2.0	0.0	0.0	0.0	-2.0	-2.517	0.014	-0.009	-0.407	-2.805	-1.358	-1.524	0.128	-0.918	-3.44	1.16	-1.54	0.14	-0.51	-0.63	1.0	1	0	2
1	5	28	148	-2.0	0.0	0.0	0.0	-2.0	-1.746	-0.063	-0.04	-0.218	-1.727	-1.933	-0.158	0.877	-0.472	-2.141	-0.19	-0.1	0.92	-0.25	-0.41	1.0	1	0	2
1	5	29	149	-2.0	0.0	0.0	0.0	-2.0	-1.651	-0.09	-0.094	-0.323	-1.566	-2.044	0.747	0.632	-0.41	-1.448	-0.39	0.84	0.73	-0.09	0.12	1.0	1	0	2
1	5	30	150	-2.0	0.0	0.0	0.0	-2.0	-1.603	-0.163	-0.104	-0.288	-1.47	-1.077	-0.655	-0.766	0.089	-1.458	0.53	-0.49	-0.66	0.38	0.01	1.0	1	0	2
1	6	1	151	0.0	-2.0	-2.0	0.0	0.0	-0.162	-2.188	-2.786	-0.013	0.03	-0.072	-2.049	-2.915	0.513	-0.038	0.09	0.14	-0.13	0.53	-0.07	1.0	1	0	2
1	6	2	152	0.0	-2.0	-2.0	0.0	0.0	-0.088	-2.106	-2.282	-0.017	0.006	0.377	-2.827	-2.414	0.684	-0.428	0.46	-0.72	-0.13	0.7	-0.43	1.0	1	0	2
1	6	3	153	0.0	-2.0	-2.0	0.0	0.0	-0.014	-2.07	-1.535	-0.06	0.018	0.843	-2.187	-1.013	-0.106	-0.137	0.86	-0.12	0.52	-0.05	-0.16	1.0	1	0	2
1	6	4	154	0.0	-2.0	-2.0	0.0	0.0	-0.129	-1.909	-2.318	-0.071	0.022	0.334	-1.855	-1.76	-0.065	0.478	0.46	0.05	0.56	0.01	0.46	1.0	1	0	2
1	6	5	155	0.0	-2.0	-2.0	0.0	0.0	-0.076	-1.521	-2.198	-0.127	-0.004	-0.661	-1.789	-2.279	0.337	-0.529	-0.59	-0.27	-0.08	0.46	-0.52	1.0	1	0	2
1	6	6	156	0.0	-2.0	-2.0	0.0	0.0	-0.179	-2.254	-2.204	-0.048	0.092	0.058	-2.456	-2.314	0.213	-0.181	0.24	-0.2	-0.11	0.26	-0.27	1.0	1	0	2
1	6	7	157	0.0	-2.0	-2.0	0.0	0.0	-0.176	-1.829	-1.644	-0.018	0.03	-0.185	-1.585	-1.566	-0.009	0.695	-0.01	0.24	0.08	0.01	0.66	1.0	1	0	2
1	6	8	158	0.0	-2.0	-2.0	0.0	0.0	-0.173	-2.103	-2.055	-0.04	0.012	-1.286	-2.182	-2.208	0.272	-0.729	-1.11	-0.08	-0.15	0.31	-0.74	1.0	1	0	2
1	6	9	159	0.0	-2.0	-2.0	0.0	0.0	-0.193	-2.284	-2.0	-0.133	-0.012	1.256	-2.301	-2.012	-0.794	-0.516	1.45	-0.02	-0.01	-0.66	-0.5	1.0	1	0	2
1	6	10	160	0.0	-2.0	-2.0	0.0	0.0	-0.261	-1.942	-2.474	-0.16	0.017	-0.205	-1.212	-1.928	-0.161	-0.004	0.06	0.73	0.55	-0.0	-0.02	1.0	1	0	2
1	6	11	161	0.0	-2.0	-2.0	0.0	0.0	-0.259	-2.024	-2.228	-0.097	0.023	0.536	-2.584	-0.791	0.678	0.765	0.8	-0.56	1.44	0.78	0.74	1.0	1	0	2
1	6	12	162	0.0	-2.0	-2.0	0.0	0.0	-0.282	-2.042	-2.292	-0.112	0.013	0.268	-2.481	-2.311	-0.063	-0.299	0.55	-0.44	-0.02	0.05	-0.31	1.0	1	0	2
1	6	13	163	0.0	-2.0	-2.0	0.0	0.0	-0.287	-2.04	-2.031	-0.076	0.016	-0.381	-2.421	-2.414	0.095	0.26	-0.09	-0.38	-0.38	0.17	0.24	1.0	1	0	2
1	6	14	164	0.0	-2.0	-2.0	0.0	0.0	-0.148	-1.533	-1.901	-0.071	0.029	-0.209	-1.803	-2.986	-0.46	-0.377	-0.06	-0.27	-1.09	-0.39	-0.41	1.0	1	0	2
1	6	15	165	0.0	-2.0	-2.0	0.0	0.0	-0.113	-1.361	-1.986	-0.098	0.003	-0.656	-2.159	-1.786	-0.578	-1.343	-0.54	-0.8	0.2	-0.48	-1.35	1.0	1	0	2
1	6	16	166	0.0	-2.0	-2.0	0.0	0.0	-0.223	-1.785	-2.161	-0.058	0.05	0.221	-1.764	-3.553	0.382	-0.686	0.44	0.02	-1.39	0.44	-0.74	1.0	1	0	2
1	6	17	167	0.0	-2.0	-2.0	0.0	0.0	-0.247	-1.977	-1.555	-0.071	0.001	-0.403	-1.17	-1.039	0.031	-0.185	-0.16	0.81	0.52	0.1	-0.19	1.0	1	0	2
1	6	18	168	0.0	-2.0	-2.0	0.0	0.0	-0.181	-1.889	-1.843	-0.106	0.018	-0.797	-2.227	-1.793	0.466	0.148	-0.62	-0.34	0.05	0.57	0.13	1.0	1	0	2
1	6	19	169	0.0	-2.0	-2.0	0.0	0.0	-0.196	-2.162	-2.156	-0.079	0.025	0.019	-2.875	-2.459	0.13	0.172	0.22	-0.71	-0.3	0.21	0.15	1.0	1	0	2
1	6	20	170	0.0	-2.0	-2.0	0.0	0.0	-0.205	-2.005	-2.214	-0.003	0.058	-1.166	-1.749	-1.615	-0.766	-0.037	-0.96	0.26	0.6	-0.76	-0.1	1.0	1	0	2
1	6	21	171	0.0	-2.0	-2.0	0.0	0.0	-0.175	-1.933	-2.257	-0.095	0.041	-0.702	-1.23	-1.731	-0.699	0.354	-0.53	0.7	0.53	-0.6	0.31	1.0	1	0	2
1	6	22	172	0.0	-2.0	-2.0	0.0	0.0	-0.253	-2.342	-2.092	-0.032	0.068	0.374	-3.177	-2.134	0.212	0.106	0.63	-0.84	-0.04	0.24	0.04	1.0	1	0	2
1	6	23	173	0.0	-2.0	-2.0	0.0	0.0	-0.296	-2.463	-2.036	0.107	0.068	-0.011	-2.979	-2.751	0.692	0.086	0.28	-0.52	-0.71	0.58	0.02	1.0	1	0	2
1	6	24	174	0.0	-2.0	-2.0	0.0	0.0	-0.194	-1.691	-1.196	0.11	0.091	0.239	-2.111	-1.17	0.329	0.933	0.43	-0.42	0.03	0.22	0.84	1.0	1	0	2
1	6	25	175	0.0	-2.0	-2.0	0.0	0.0	-6.2774385622041925e+66	-6.2774385622041925e+66	-6.2774385622041925e+66	-6.2774385622041925e+66	-6.2774385622041925e+66	-6.2774385622041925e+66	-6.2774385622041925e+66	-6.2774385622041925e+66	-6.2774385622041925e+66	-6.2774385622041925e+66	0.0	0.0	0.0	0.0	0.0	1.0	0	1	2
1	6	26	176	0.0	-2.0	-2.0	0.0	0.0	-0.19	-2.031	-2.099	-0.003	0.03	0.447	-1.731	-2.723	0.131	-0.009	0.64	0.3	-0.62	0.13	-0.04	1.0	1	0	2
1	6	27	177	0.0	-2.0	-2.0	0.0	0.0	-0.203	-2.188	-2.665	-0.03	0.032	-0.511	-2.023	-2.806	-0.182	0.191	-0.31	0.17	-0.14	-0.15	0.16	1.0	1	0	2
1	6	28	178	0.0	-2.0	-2.0	0.0	0.0	-0.177	-1.916	-2.811	0.004	0.019	0.263	-1.999	-2.524	-0.887	0.55	0.44	-0.08	0.29	-0.89	0.53	1.0	1	0	2
1	6	29	179	0.0	-2.0	-2.0	0.0	0.0	-0.151	-2.236	-2.254	-0.078	-0.015	-0.482	-3.385	-3.029	0.297	-0.498	-0.33	-1.15	-0.77	0.38	-0.48	1.0	1	0	2
1	6	30	180	0.0	-2.0	-2.0	0.0	0.0	-0.074	-1.619	-1.962	-0.011	0.041	-0.189	-1.61	-1.689	0.118	-0.264	-0.12	0.01	0.27	0.13	-0.3	1.0	1	0	2
1	7	1	181	0.0	-2.0	-2.0	-2.0	-2.0	-0.003	-2.102	-2.212	-1.724	-1.581	-0.64	-1.657	-2.697	-1.405	-0.937	-0.64	0.44	-0.48	0.32	0.64	1.0	1	0	4
1	7	2	182	0.0	-2.0	-2.0	-2.0	-2.0	-0.003	-1.562	-1.59	-1.067	-0.784	0.27	-0.944	-1.568	-1.201	-0.376	0.27	0.62	0.02	-0.13	0.41	1.0	1	0	4
1	7	3	183	0.0	-2.0	-2.0	-2.0	-2.0	-0.004	-1.567	-1.206	-1.44	-1.343	0.05	-1.234	-1.69	-1.851	-1.318	0.05	0.33	-0.48	-0.41	0.02	1.0	1	0	4
1	7	4	184	0.0	-2.0	-2.0	-2.0	-2.0	-0.103	-1.439	-1.383	-1.547	-1.17	0.875	-2.226	-1.313	-1.25	-1.52	0.98	-0.79	0.07	0.3	-0.35	1.0	1	0	4
1	7	5	185	0.0	-2.0	-2.0	-2.0	-2.0	-0.027	-1.284	-1.163	-1.744	-1.888	0.176	-1.219	-1.367	-3.792	-2.484	0.2	0.06	-0.2	-2.05	-0.6	1.0	1	0	4
1	7	6	186	0.0	-2.0	-2.0	-2.0	-2.0	-0.003	-1.547	-1.125	-1.233	-1.328	-1.062	-1.841	-1.001	-2.562	-2.008	-1.06	-0.29	0.12	-1.33	-0.68	1.0	1	0	4
1	7	7	187	0.0	-2.0	-2.0	-2.0	-2.0	-0.003	-1.367	-1.58	-1.49	-1.327	0.345	-1.702	-1.109	-0.969	-1.154	0.35	-0.34	0.47	0.52	0.17	1.0	1	0	4
1	7	8	188	0.0	-2.0	-2.0	-2.0	-2.0	-0.003	-1.033	-1.383	-1.862	-2.205	-0.577	-0.948	-1.431	-1.981	-2.393	-0.57	0.08	-0.05	-0.12	-0.19	1.0	1	0	4
1	7	9	189	0.0	-2.0	-2.0	-2.0	-2.0	-0.003	-1.746	-1.448	-1.623	-1.755	-0.608	-1.584	-1.877	-1.56	-0.989	-0.6	0.16	-0.43	0.06	0.77	1.0	1	0	4
1	7	10	190	0.0	-2.0	-2.0	-2.0	-2.0	-0.012	-1.957	-1.524	-1.683	-1.641	0.179	-1.746	-2.006	-2.909	-1.532	0.19	0.21	-0.48	-1.23	0.11	1.0	1	0	4
1	7	11	191	0.0	-2.0	-2.0	-2.0	-2.0	-0.006	-1.991	-2.119	-1.775	-1.544	0.033	-2.604	-2.34	-2.481	-1.481	0.04	-0.61	-0.22	-0.71	0.06	1.0	1	0	4
1	7	12	192	0.0	-2.0	-2.0	-2.0	-2.0	-0.006	-1.957	-2.085	-1.581	-1.382	-0.054	-2.013	-2.463	-2.028	-1.507	-0.05	-0.06	-0.38	-0.45	-0.12	1.0	1	0	4
1	7	13	193	0.0	-2.0	-2.0	-2.0	-2.0	-0.007	-1.565	-1.703	-1.712	-2.166	-0.086	-2.382	-1.861	-1.12	-1.832	-0.08	-0.82	-0.16	0.59	0.33	1.0	1	0	4
1	7	14	194	0.0	-2.0	-2.0	-2.0	-2.0	-0.007	-1.681	-1.743	-1.706	-1.641	-0.077	-1.583	-1.723	-0.753	-0.629	-0.07	0.1	0.02	0.95	1.01	1.0	1	0	4
1	7	15	195	0.0	-2.0	-2.0	-2.0	-2.0	-0.011	-1.534	-2.147	-1.866	-1.25	-0.647	-1.339	-2.051	-1.337	-1.241	-0.64	0.2	0.1	0.53	0.01	1.0	1	0	4
1	7	16	196	0.0	-2.0	-2.0	-2.0	-2.0	-0.086	-2.169	-1.62	-1.475	-1.365	0.716	-1.516	-0.934	-1.682	-1.646	0.8	0.65	0.69	-0.21	-0.28	1.0	1	0	4
1	7	17	197	0.0	-2.0	-2.0	-2.0	-2.0	-0.094	-2.086	-2.23	-1.559	-1.292	-0.101	-1.548	-2.39	-1.285	-1.409	-0.01	0.54	-0.16	0.27	-0.12	1.0	1	0	4
1	7	18	198	0.0	-2.0	-2.0	-2.0	-2.0	-0.091	-2.054	-2.192	-1.325	-1.133	0.625	-2.267	-2.293	-1.454	-1.035	0.72	-0.21	-0.1	-0.13	0.1	1.0	1	0	4
1	7	19	199	0.0	-2.0	-2.0	-2.0	-2.0	-0.143	-2.08	-2.6	-1.469	-0.903	-0.665	-1.233	-2.732	-2.054	-0.689	-0.52	0.85	-0.13	-0.58	0.21	1.0	1	0	4
1	7	20	200	0.0	-2.0	-2.0	-2.0	-2.0	-0.174	-1.74	-1.477	-1.559	-1.431	0.725	-1.765	-1.156	-2.782	-0.889	0.9	-0.02	0.32	-1.22	0.54	1.0	1	0	4
1	7	21	201	0.0	-2.0	-2.0	-2.0	-2.0	-0.166	-1.396	-1.631	-1.307	-1.053	-1.174	-1.446	-1.22	-1.742	-0.921	-1.01	-0.05	0.41	-0.44	0.13	1.0	1	0	4
1	7	22	202	0.0	-2.0	-2.0	-2.0	-2.0	-0.201	-1.507	-1.027	-1.22	-1.437	0.214	-1.806	-0.912	-1.484	-1.506	0.42	-0.3	0.11	-0.26	-0.07	1.0	1	0	4
1	7	23	203	0.0	-2.0	-2.0	-2.0	-2.0	-0.107	-1.32	-1.656	-1.397	-0.994	-0.995	-0.402	-1.086	-0.995	-0.582	-0.89	0.92	0.57	0.4	0.41	1.0	1	0	4
1	7	24	204	0.0	-2.0	-2.0	-2.0	-2.0	-0.13	-1.485	-1.456	-1.157	-0.828	-0.384	-0.981	-2.44	-0.487	-1.064	-0.25	0.5	-0.98	0.67	-0.24	1.0	1	0	4
1	7	25	205	0.0	-2.0	-2.0	-2.0	-2.0	-0.078	-1.576	-2.103	-1.344	-0.97	0.659	-2.225	-1.87	-1.778	-0.207	0.74	-0.65	0.23	-0.43	0.76	1.0	1	0	4
1	7	26	206	0.0	-2.0	-2.0	-2.0	-2.0	-0.114	-1.29	-2.328	-1.352	-0.678	-0.326	-2.024	-2.197	-1.555	-0.473	-0.21	-0.73	0.13	-0.2	0.21	1.0	1	0	4
1	7	27	207	0.0	-2.0	-2.0	-2.0	-2.0	-6.2774385622041925e+66	-6.2774385622041925e+66	-6.2774385622041925e+66	-6.2774385622041925e+66	-6.2774385622041925e+66	-6.2774385622041925e+66	-6.2774385622041925e+66	-6.2774385622041925e+66	-6.2774385622041925e+66	-6.2774385622041925e+66	0.0	0.0	0.0	0.0	0.0	1.0	0	2	4
1	7	28	208	0.0	-2.0	-2.0	-2.0	-2.0	-0.035	-1.65	-1.747	-2.071	-2.998	-0.011	-1.282	-1.845	-2.18	-3.014	0.02	0.37	-0.1	-0.11	-0.02	1.0	1	0	4
1	7	29	209	0.0	-2.0	-2.0	-2.0	-2.0	-0.133	-2.04	-1.678	-1.81	-1.355	-0.373	-1.744	-2.23	-1.187	-0.921	-0.24	0.3	-0.55	0.62	0.43	1.0	1	0	4
1	7	30	210	0.0	-2.0	-2.0	-2.0	-2.0	-0.065	-1.315	-1.906	-1.737	-1.164	0.378	-0.844	-2.088	-1.621	-1.446	0.44	0.47	-0.18	0.12	-0.28	1.0	1	0	4
1	8	1	211	0.0	0.0	-2.0	-2.0	-2.0	-0.131	-0.359	-2.751	-2.416	-1.567	1.274	-1.571	-2.819	-2.266	-2.248	1.4	-1.21	-0.07	0.15	-0.68	1.0	1	0	3
1	8	2	212	0.0	0.0	-2.0	-2.0	-2.0	-0.128	-0.401	-2.302	-2.149	-1.691	-0.487	-0.546	-2.714	-2.277	-2.728	-0.36	-0.15	-0.41	-0.13	-1.04	1.0	1	0	3
1	8	3	213	0.0	0.0	-2.0	-2.0	-2.0	-0.073	-0.316	-1.832	-2.05	-1.12	-0.318	-0.939	-2.42	-1.973	-1.308	-0.24	-0.62	-0.59	0.08	-0.19	1.0	1	0	3
1	8	4	214	0.0	0.0	-2.0	-2.0	-2.0	-0.116	-0.164	-1.451	-2.082	-1.799	-0.804	-0.685	-1.432	-3.137	-2.185	-0.69	-0.52	0.02	-1.06	-0.39	1.0	1	0	3
1	8	5	215	0.0	0.0	-2.0	-2.0	-2.0	-0.058	-0.266	-1.624	-1.918	-1.405	0.425	-0.622	-2.121	-1.322	-0.745	0.48	-0.36	-0.5	0.6	0.66	1.0	1	0	3
1	8	6	216	0.0	0.0	-2.0	-2.0	-2.0	-0.066	-0.329	-0.939	-2.043	-1.491	-0.469	-0.766	-0.931	-2.89	-1.694	-0.4	-0.44	0.01	-0.85	-0.2	1.0	1	0	3
1	8	7	217	0.0	0.0	-2.0	-2.0	-2.0	-0.164	-0.179	-0.861	-1.714	-1.929	0.124	0.117	-1.864	-2.567	-1.226	0.29	0.3	-1.0	-0.85	0.7	1.0	1	0	3
1	8	8	218	0.0	0.0	-2.0	-2.0	-2.0	-0.172	-0.282	-1.051	-1.68	-1.315	0.322	-0.975	-1.425	-0.697	-0.85	0.49	-0.69	-0.37	0.98	0.46	1.0	1	0	3
1	8	9	219	0.0	0.0	-2.0	-2.0	-2.0	-0.107	-0.353	-0.374	-1.43	-1.598	0.656	-0.452	-0.214	-0.68	-1.32	0.76	-0.1	0.16	0.75	0.28	1.0	1	0	3
1	8	10	220	0.0	0.0	-2.0	-2.0	-2.0	-0.078	-0.403	-2.144	-1.467	-0.871	0.68	0.195	-2.204	-1.496	-0.322	0.76	0.6	-0.06	-0.03	0.55	1.0	1	0	3
1	8	11	221	0.0	0.0	-2.0	-2.0	-2.0	-0.135	-0.266	-1.384	-2.197	-1.678	-1.26	-0.558	-1.655	-2.266	-1.492	-1.12	-0.29	-0.27	-0.07	0.19	1.0	1	0	3
1	8	12	222	0.0	0.0	-2.0	-2.0	-2.0	-0.152	-0.341	-1.996	-2.452	-1.436	-0.323	-0.016	-2.063	-3.106	-1.45	-0.17	0.32	-0.07	-0.65	-0.01	1.0	1	0	3
1	8	13	223	0.0	0.0	-2.0	-2.0	-2.0	-0.058	-0.477	-2.154	-2.662	-1.915	0.06	-0.359	-2.079	-3.533	-1.319	0.12	0.12	0.07	-0.87	0.6	1.0	1	0	3
1	8	14	224	0.0	0.0	-2.0	-2.0	-2.0	-0.108	-0.256	-1.488	-1.942	-0.9	-0.379	-0.728	-1.268	-2.165	-0.216	-0.27	-0.47	0.22	-0.22	0.68	1.0	1	0	3
1	8	15	225	0.0	0.0	-2.0	-2.0	-2.0	-0.079	-0.278	-1.039	-2.854	-1.917	-0.143	0.524	-0.629	-2.605	-2.262	-0.06	0.8	0.41	0.25	-0.34	1.0	1	0	3
1	8	16	226	0.0	0.0	-2.0	-2.0	-2.0	-0.163	-0.377	-2.267	-2.118	-1.588	-0.538	-0.784	-1.598	-2.901	-1.364	-0.38	-0.41	0.67	-0.78	0.22	1.0	1	0	3
1	8	17	227	0.0	0.0	-2.0	-2.0	-2.0	-0.188	-0.446	-1.953	-2.032	-1.373	0.731	-0.35	-1.767	-2.387	-1.341	0.92	0.1	0.19	-0.36	0.03	1.0	1	0	3
1	8	18	228	0.0	0.0	-2.0	-2.0	-2.0	-0.187	-0.498	-1.91	-1.866	-1.503	-0.387	-0.193	-2.128	-1.806	-1.807	-0.2	0.3	-0.22	0.06	-0.3	1.0	1	0	3
1	8	19	229	0.0	0.0	-2.0	-2.0	-2.0	-0.256	-0.529	-1.717	-1.609	-1.201	0.866	0.017	-1.499	-1.222	-1.47	1.12	0.55	0.22	0.39	-0.27	1.0	1	0	3
1	8	20	230	0.0	0.0	-2.0	-2.0	-2.0	-0.243	-0.483	-2.214	-2.065	-1.491	-0.427	-0.758	-1.477	-1.952	-0.629	-0.18	-0.28	0.74	0.11	0.86	1.0	1	0	3
1	8	21	231	0.0	0.0	-2.0	-2.0	-2.0	-0.206	-0.378	-1.936	-2.212	-2.05	0.035	-0.211	-1.274	-2.144	-2.123	0.24	0.17	0.66	0.07	-0.07	1.0	1	0	3
1	8	22	232	0.0	0.0	-2.0	-2.0	-2.0	-0.185	-0.489	-2.069	-1.789	-1.151	0.085	-0.169	-3.337	-1.795	-0.974	0.27	0.32	-1.27	-0.01	0.18	1.0	1	0	3
1	8	23	233	0.0	0.0	-2.0	-2.0	-2.0	-0.227	-0.71	-2.581	-1.858	-0.915	-0.519	-0.829	-2.09	-2.391	-1.865	-0.29	-0.12	0.49	-0.53	-0.95	1.0	1	0	3
1	8	24	234	0.0	0.0	-2.0	-2.0	-2.0	-0.196	-0.507	-1.961	-1.902	-1.19	-0.364	-1.019	-1.942	-1.49	-1.806	-0.17	-0.51	0.02	0.41	-0.62	1.0	1	0	3
1	8	25	235	0.0	0.0	-2.0	-2.0	-2.0	-0.197	-0.48	-2.071	-1.829	-1.291	0.381	-0.99	-3.456	-0.62	-1.046	0.58	-0.51	-1.38	1.21	0.24	1.0	1	0	3
1	8	26	236	0.0	0.0	-2.0	-2.0	-2.0	-0.189	-0.754	-2.94	-1.962	-1.218	-0.263	-1.76	-2.168	-2.243	-0.914	-0.07	-1.01	0.77	-0.28	0.3	1.0	1	0	3
1	8	27	237	0.0	0.0	-2.0	-2.0	-2.0	-0.12	-0.505	-2.366	-1.657	-1.06	-0.065	-0.434	-2.966	-1.196	-1.009	0.05	0.07	-0.6	0.46	0.05	1.0	1	0	3
1	8	28	238	0.0	0.0	-2.0	-2.0	-2.0	-0.159	-0.683	-2.971	-1.873	-0.87	-0.461	-0.435	-2.508	-1.869	-1.039	-0.3	0.25	0.46	0.0	-0.17	1.0	1	0	3
1	8	29	239	0.0	0.0	-2.0	-2.0	-2.0	-0.116	-0.48	-2.61	-2.093	-1.094	-0.464	-0.128	-2.124	-1.729	-2.065	-0.35	0.35	0.49	0.36	-0.97	1.0	1	0	3
1	8	30	240	0.0	0.0	-2.0	-2.0	-2.0	-0.127	-0.394	-2.336	-2.101	-1.762	0.314	0.07	-2.199	-2.084	-1.873	0.44	0.46	0.14	0.02	-0.11	1.0	1	0	3
1	9	1	241	0.0	0.0	-2.0	-2.0	0.0	-0.308	-0.296	-3.583	-2.454	-0.246	0.077	-1.154	-2.813	-1.682	-0.045	0.38	-0.86	0.77	0.77	0.2	1.0	1	0	2
1	9	2	242	0.0	0.0	-2.0	-2.0	0.0	-0.169	-0.341	-2.679	-2.168	-0.044	0.633	-0.363	-2.835	-2.431	0.435	0.8	-0.02	-0.16	-0.26	0.48	1.0	1	0	2
1	9	3	243	0.0	0.0	-2.0	-2.0	0.0	-0.092	-0.167	-2.684	-1.784	-0.006	0.319	-0.332	-2.69	-1.571	0.965	0.41	-0.16	-0.01	0.21	0.97	1.0	1	0	2
1	9	4	244	0.0	0.0	-2.0	-2.0	0.0	-0.11	-0.337	-3.296	-2.081	-0.001	-0.466	-0.159	-3.21	-1.128	0.051	-0.36	0.18	0.09	0.95	0.05	1.0	1	0	2
1	9	5	245	0.0	0.0	-2.0	-2.0	0.0	-0.062	-0.294	-3.001	-2.095	-0.306	-0.077	-0.124	-3.109	-2.512	0.324	-0.02	0.17	-0.11	-0.42	0.63	1.0	1	0	2
1	9	6	246	0.0	0.0	-2.0	-2.0	0.0	-0.078	-0.397	-3.072	-2.559	-0.306	-0.323	-0.1	-3.413	-2.344	0.257	-0.24	0.3	-0.34	0.22	0.56	1.0	1	0	2
1	9	7	247	0.0	0.0	-2.0	-2.0	0.0	-0.069	-0.336	-2.708	-2.106	-0.242	-0.713	0.175	-2.524	-2.836	-0.233	-0.64	0.51	0.18	-0.73	0.01	1.0	1	0	2
1	9	8	248	0.0	0.0	-2.0	-2.0	0.0	-6.2774385622041925e+66	-6.2774385622041925e+66	-6.2774385622041925e+66	-6.2774385622041925e+66	-6.2774385622041925e+66	-6.2774385622041925e+66	-6.2774385622041925e+66	-6.2774385622041925e+66	-6.2774385622041925e+66	-6.2774385622041925e+66	0.0	0.0	0.0	0.0	0.0	1.0	0	1	2
1	9	9	249	0.0	0.0	-2.0	-2.0	0.0	-6.2774385622041925e+66	-6.2774385622041925e+66	-6.2774385622041925e+66	-6.2774385622041925e+66	-6.2774385622041925e+66	-6.2774385622041925e+66	-6.2774385622041925e+66	-6.2774385622041925e+66	-6.2774385622041925e+66	-6.2774385622041925e+66	0.0	0.0	0.0	0.0	0.0	1.0	0	1	2
1	9	10	250	0.0	0.0	-2.0	-2.0	0.0	-0.024	-0.206	-3.363	-2.472	-0.085	0.56	0.803	-3.995	-2.504	-0.124	0.58	1.01	-0.63	-0.03	-0.04	1.0	1	0	2
1	9	11	251	0.0	0.0	-2.0	-2.0	0.0	-0.003	-0.217	-2.754	-2.115	-0.133	-0.737	-1.809	-2.915	-2.271	-0.306	-0.73	-1.59	-0.16	-0.16	-0.17	1.0	1	0	2
1	9	12	252	0.0	0.0	-2.0	-2.0	0.0	-0.008	-0.266	-3.341	-1.801	0.012	0.143	-0.705	-3.244	-0.82	-0.291	0.15	-0.44	0.1	0.98	-0.3	1.0	1	0	2
1	9	13	253	0.0	0.0	-2.0	-2.0	0.0	-0.04	-0.236	-4.335	-2.639	-0.13	-0.117	-0.673	-4.016	-2.281	0.256	-0.08	-0.44	0.32	0.36	0.39	1.0	1	0	2
1	9	14	254	0.0	0.0	-2.0	-2.0	0.0	-0.023	-0.29	-3.661	-2.423	-0.153	-0.054	-0.656	-4.246	-1.916	0.097	-0.03	-0.37	-0.59	0.51	0.25	1.0	1	0	2
1	9	15	255	0.0	0.0	-2.0	-2.0	0.0	-0.04	-0.218	-3.917	-2.112	-0.06	0.531	-1.215	-3.657	-2.299	-0.34	0.57	-1.0	0.26	-0.19	-0.28	1.0	1	0	2
1	9	16	256	0.0	0.0	-2.0	-2.0	0.0	-0.019	-0.159	-3.216	-1.805	-0.028	0.058	-0.011	-2.971	-2.058	0.249	0.08	0.15	0.25	-0.25	0.28	1.0	1	0	2
1	9	17	257	0.0	0.0	-2.0	-2.0	0.0	-0.041	-0.21	-3.012	-1.536	-0.065	-0.268	-0.385	-3.213	-1.595	1.48	-0.23	-0.18	-0.2	-0.06	1.54	1.0	1	0	2
1	9	18	258	0.0	0.0	-2.0	-2.0	0.0	-0.088	-0.385	-3.464	-1.435	-0.045	0.349	-0.732	-3.682	-2.165	-0.168	0.44	-0.35	-0.22	-0.73	-0.12	1.0	1	0	2
1	9	19	259	0.0	0.0	-2.0	-2.0	0.0	-0.013	-0.293	-2.939	-1.775	-0.058	-0.041	-0.664	-2.126	-0.768	0.239	-0.03	-0.37	0.81	1.01	0.3	1.0	1	0	2
1	9	20	260	0.0	0.0	-2.0	-2.0	0.0	-0.022	-0.311	-3.191	-1.874	-0.102	-0.408	0.113	-3.659	-0.676	-0.64	-0.39	0.42	-0.47	1.2	-0.54	1.0	1	0	2
1	9	21	261	0.0	0.0	-2.0	-2.0	0.0	-0.01	-0.235	-3.161	-2.231	-0.091	-0.361	-0.041	-3.659	-2.367	0.889	-0.35	0.19	-0.5	-0.14	0.98	1.0	1	0	2
1	9	22	262	0.0	0.0	-2.0	-2.0	0.0	-0.012	-0.322	-3.705	-1.732	-0.113	1.972	0.336	-3.453	-2.04	-1.107	1.98	0.66	0.25	-0.31	-0.99	1.0	1	0	2
1	9	23	263	0.0	0.0	-2.0	-2.0	0.0	-0.005	-0.277	-3.469	-2.044	-0.055	0.336	-0.468	-3.377	-2.169	-0.077	0.34	-0.19	0.09	-0.12	-0.02	1.0	1	0	2
1	9	24	264	0.0	0.0	-2.0	-2.0	0.0	-0.008	-0.277	-3.517	-2.059	-0.084	-0.996	-0.237	-2.846	-2.145	-0.351	-0.99	0.04	0.67	-0.09	-0.27	1.0	1	0	2
1	9	25	265	0.0	0.0	-2.0	-2.0	0.0	-0.024	-0.369	-4.045	-2.266	-0.103	0.613	-1.412	-3.713	-1.848	-0.008	0.64	-1.04	0.33	0.42	0.1	1.0	1	0	2
1	9	26	266	0.0	0.0	-2.0	-2.0	0.0	-0.008	-0.307	-3.293	-1.873	-0.071	0.131	-0.638	-3.852	-2.587	0.393	0.14	-0.33	-0.56	-0.71	0.46	1.0	1	0	2
1	9	27	267	0.0	0.0	-2.0	-2.0	0.0	-0.003	-0.309	-2.678	-1.789	-0.067	0.162	-0.353	-2.386	-2.481	0.44	0.16	-0.04	0.29	-0.69	0.51	1.0	1	0	2
1	9	28	268	0.0	0.0	-2.0	-2.0	0.0	-0.006	-0.288	-2.836	-1.735	-0.045	-0.206	-0.523	-2.445	-2.151	-0.253	-0.2	-0.24	0.39	-0.42	-0.21	1.0	1	0	2
1	9	29	269	0.0	0.0	-2.0	-2.0	0.0	-0.008	-0.155	-2.806	-1.731	-0.048	0.584	-0.171	-3.336	-1.903	-0.712	0.59	-0.02	-0.53	-0.17	-0.66	1.0	1	0	2
1	9	30	270	0.0	0.0	-2.0	-2.0	0.0	-0.006	-0.19	-2.644	-1.939	-0.076	0.328	0.254	-2.465	-1.111	0.79	0.33	0.44	0.18	0.83	0.87	1.0	1	0	2
1	10	1	271	-2.0	0.0	0.0	0.0	0.0	-3.653	-0.113	-0.012	-0.108	-0.16	-4.526	0.311	0.798	0.283	-0.454	-0.87	0.42	0.81	0.39	-0.29	1.0	1	0	1
1	10	2	272	-2.0	0.0	0.0	0.0	0.0	-1.723	0.023	-0.009	-0.073	-0.044	-1.054	-0.081	-0.736	0.261	-0.243	0.67	-0.1	-0.73	0.33	-0.2	1.0	1	0	1
1	10	3	273	-2.0	0.0	0.0	0.0	0.0	-2.285	0.021	0.007	-0.061	-0.052	-1.443	-0.049	0.15	-0.257	0.268	0.84	-0.07	0.14	-0.2	0.32	1.0	1	0	1
1	10	4	274	-2.0	0.0	0.0	0.0	0.0	-2.141	0.017	-0.009	-0.046	-0.021	-1.691	0.788	-0.19	0.004	0.241	0.45	0.77	-0.18	0.05	0.26	1.0	1	0	1
1	10	5	275	-2.0	0.0	0.0	0.0	0.0	-3.079	0.015	-0.06	-0.136	-0.036	-2.893	0.151	0.559	0.874	1.037	0.19	0.14	0.62	1.01	1.07	1.0	1	0	1
1	10	6	276	-2.0	0.0	0.0	0.0	0.0	-1.865	0.085	0.032	-0.079	-0.054	-2.159	0.671	-0.541	-0.461	-0.327	-0.29	0.59	-0.57	-0.38	-0.27	1.0	1	0	1
1	10	7	277	-2.0	0.0	0.0	0.0	0.0	-1.516	0.015	0.019	-0.068	-0.06	-1.444	-0.924	0.188	-0.138	0.628	0.07	-0.94	0.17	-0.07	0.69	1.0	1	0	1
1	10	8	278	-2.0	0.0	0.0	0.0	0.0	-2.595	0.069	-0.043	-0.088	-0.027	-2.154	-0.316	-0.092	-0.086	0.308	0.44	-0.38	-0.05	0.0	0.34	1.0	1	0	1
1	10	9	279	-2.0	0.0	0.0	0.0	0.0	-2.647	0.061	-0.016	-0.054	-0.029	-2.626	0.875	1.742	-0.081	0.677	0.02	0.81	1.76	-0.03	0.71	1.0	1	0	1
1	10	10	280	-2.0	0.0	0.0	0.0	0.0	-3.044	0.005	-0.065	-0.08	-0.037	-2.842	-0.237	-0.215	0.617	-0.412	0.2	-0.24	-0.15	0.7	-0.38	1.0	1	0	1
1	10	11	281	-2.0	0.0	0.0	0.0	0.0	-3.09	0.001	-0.009	-0.083	-0.058	-2.961	-0.082	0.045	0.474	0.286	0.13	-0.08	0.05	0.56	0.34	1.0	1	0	1
1	10	12	282	-2.0	0.0	0.0	0.0	0.0	-2.213	0.101	-0.005	-0.079	-0.044	-1.977	0.432	0.02	0.394	-0.242	0.24	0.33	0.02	0.47	-0.2	1.0	1	0	1
1	10	13	283	-2.0	0.0	0.0	0.0	0.0	-6.2774385622041925e+66	-6.2774385622041925e+66	-6.2774385622041925e+66	-6.2774385622041925e+66	-6.2774385622041925e+66	-6.2774385622041925e+66	-6.2774385622041925e+66	-6.2774385622041925e+66	-6.2774385622041925e+66	-6.2774385622041925e+66	0.0	0.0	0.0	0.0	0.0	1.0	0	1	1
1	10	14	284	-2.0	0.0	0.0	0.0	0.0	-2.871	-0.03	-0.163	-0.166	-0.096	-3.27	0.222	-0.897	0.178	0.563	-0.4	0.25	-0.73	0.34	0.66	1.0	1	0	1
1	10	15	285	-2.0	0.0	0.0	0.0	0.0	-2.5	-0.032	-0.033	-0.119	-0.064	-2.527	-0.109	0.474	0.848	-0.152	-0.03	-0.08	0.51	0.97	-0.09	1.0	1	0	1
1	10	16	286	-2.0	0.0	0.0	0.0	0.0	-2.504	-0.069	-0.014	-0.107	-0.063	-2.626	-0.453	-0.354	-0.277	0.16	-0.12	-0.38	-0.34	-0.17	0.22	1.0	1	0	1
1	10	17	287	-2.0	0.0	0.0	0.0	0.0	-2.516	-0.007	-0.086	-0.097	-0.04	-2.311	-1.048	-0.474	-0.118	-0.434	0.21	-1.04	-0.39	-0.02	-0.39	1.0	1	0	1
1	10	18	288	-2.0	0.0	0.0	0.0	0.0	-2.104	-0.053	-0.102	-0.067	-0.01	-2.71	0.071	-0.085	0.138	-0.106	-0.61	0.12	0.02	0.2	-0.1	1.0	1	0	1
1	10	19	289	-2.0	0.0	0.0	0.0	0.0	-1.081	0.081	0.085	-0.048	-0.006	0.309	-0.243	-0.227	-0.296	-0.378	1.39	-0.32	-0.31	-0.25	-0.37	1.0	1	0	1
1	10	20	290	-2.0	0.0	0.0	0.0	0.0	-1.946	0.049	-0.01	-0.108	-0.039	-1.873	0.468	-0.445	-0.493	0.074	0.07	0.42	-0.44	-0.38	0.11	1.0	1	0	1
1	10	21	291	-2.0	0.0	0.0	0.0	0.0	-1.736	0.03	0.014	-0.064	-0.038	-0.994	-0.328	-0.001	-0.334	0.438	0.74	-0.36	-0.02	-0.27	0.48	1.0	1	0	1
1	10	22	292	-2.0	0.0	0.0	0.0	0.0	-3.178	-0.098	-0.117	-0.126	-0.11	-2.801	0.179	-0.411	-0.036	0.086	0.38	0.28	-0.29	0.09	0.2	1.0	1	0	1
1	10	23	293	-2.0	0.0	0.0	0.0	0.0	-2.399	-0.129	-0.164	-0.12	-0.031	-2.669	-0.225	0.094	-0.47	-0.821	-0.27	-0.1	0.26	-0.35	-0.79	1.0	1	0	1
1	10	24	294	-2.0	0.0	0.0	0.0	0.0	-2.79	-0.116	-0.096	-0.137	-0.038	-3.109	0.662	0.205	-0.72	0.539	-0.32	0.78	0.3	-0.58	0.58	1.0	1	0	1
1	10	25	295	-2.0	0.0	0.0	0.0	0.0	-2.264	0.022	-0.077	-0.086	-0.042	-2.098	-0.298	-0.301	0.496	-0.684	0.17	-0.32	-0.22	0.58	-0.64	1.0	1	0	1
1	10	26	296	-2.0	0.0	0.0	0.0	0.0	-2.399	-0.033	-0.185	-0.181	-0.062	-1.879	0.425	0.208	-0.817	-0.144	0.52	0.46	0.39	-0.64	-0.08	1.0	1	0	1
1	10	27	297	-2.0	0.0	0.0	0.0	0.0	-2.481	0.027	-0.073	-0.108	-0.051	-1.768	0.149	-0.07	-0.146	0.033	0.71	0.12	0.0	-0.04	0.08	1.0	1	0	1
1	10	28	298	-2.0	0.0	0.0	0.0	0.0	-2.069	0.07	-0.059	-0.155	0.019	-2.291	0.484	0.356	-0.009	0.102	-0.22	0.41	0.42	0.15	0.08	1.0	1	0	1
1	10	29	299	-2.0	0.0	0.0	0.0	0.0	-2.511	0.039	-0.012	-0.034	-0.117	-2.822	0.605	0.072	-0.276	-1.301	-0.31	0.57	0.08	-0.24	-1.18	1.0	1	0	1
1	10	30	300	-2.0	0.0	0.0	0.0	0.0	-3.109	-0.184	-0.14	-0.134	-0.016	-3.831	0.347	-0.679	-0.128	0.045	-0.72	0.53	-0.54	0.01	0.06	1.0	1	0	1
1	11	1	301	0.0	0.0	0.0	0.0	-2.0	-0.115	-0.217	-0.112	-0.337	-2.578	0.324	-0.189	0.265	-0.9	-3.015	0.44	0.03	0.38	-0.56	-0.44	1.0	1	0	1
1	11	2	302	0.0	0.0	0.0	0.0	-2.0	-0.008	-0.053	0.085	-0.01	-1.487	0.426	0.574	0.01	0.311	-1.587	0.43	0.63	-0.08	0.32	-0.1	1.0	1	0	1
1	11	3	303	0.0	0.0	0.0	0.0	-2.0	-0.019	-0.139	0.005	-0.207	-2.065	-1.378	-0.528	-0.834	-0.237	-1.962	-1.36	-0.39	-0.84	-0.03	0.1	1.0	1	0	1
1	11	4	304	0.0	0.0	0.0	0.0	-2.0	-0.002	-0.041	0.094	-0.117	-1.797	-0.014	-0.314	-0.102	-0.42	-1.301	-0.01	-0.27	-0.2	-0.3	0.5	1.0	1	0	1
1	11	5	305	0.0	0.0	0.0	0.0	-2.0	-0.076	-0.133	0.002	-0.297	-1.737	0.26	0.492	0.032	-0.518	-1.459	0.34	0.62	0.03	-0.22	0.28	1.0	1	0	1
1	11	6	306	0.0	0.0	0.0	0.0	-2.0	-0.031	-0.098	0.091	-0.262	-2.212	0.113	-0.561	0.102	-0.466	-2.17	0.14	-0.46	0.01	-0.2	0.04	1.0	1	0	1
1	11	7	307	0.0	0.0	0.0	0.0	-2.0	-0.144	-0.2	0.027	-0.461	-2.578	-1.743	-0.416	-1.031	-0.179	-2.687	-1.6	-0.22	-1.06	0.28	-0.11	1.0	1	0	1
1	11	8	308	0.0	0.0	0.0	0.0	-2.0	-0.018	-0.186	0.004	-0.343	-2.264	-0.141	-0.932	0.71	-0.391	-1.993	-0.12	-0.75	0.71	-0.05	0.27	1.0	1	0	1
1	11	9	309	0.0	0.0	0.0	0.0	-2.0	-6.2774385622041925e+66	-6.2774385622041925e+66	-6.2774385622041925e+66	-6.2774385622041925e+66	-6.2774385622041925e+66	-6.2774385622041925e+66	-6.2774385622041925e+66	-6.2774385622041925e+66	-6.2774385622041925e+66	-6.2774385622041925e+66	0.0	0.0	0.0	0.0	0.0	1.0	0	2	1
1	11	10	310	0.0	0.0	0.0	0.0	-2.0	-0.128	-0.194	0.051	-0.546	-2.983	-0.572	-0.864	0.487	-0.228	-3.144	-0.44	-0.67	0.44	0.32	-0.16	1.0	1	0	1
1	11	11	311	0.0	0.0	0.0	0.0	-2.0	-0.205	-0.277	-0.09	-0.779	-2.984	-0.295	-0.61	-0.584	-1.785	-0.952	-0.09	-0.33	-0.49	-1.01	2.03	1.0	1	0	1
1	11	12	312	0.0	0.0	0.0	0.0	-2.0	-0.175	-0.287	-0.045	-0.921	-3.621	-0.536	-0.057	0.272	-1.15	-4.055	-0.36	0.23	0.32	-0.23	-0.43	1.0	1	0	1
1	11	13	313	0.0	0.0	0.0	0.0	-2.0	-0.196	-0.259	-0.06	-0.702	-2.989	0.087	-0.247	-1.163	-1.375	-3.394	0.28	0.01	-1.1	-0.67	-0.41	1.0	1	0	1
1	11	14	314	0.0	0.0	0.0	0.0	-2.0	-0.323	-0.276	-0.098	-0.327	-2.29	-0.698	-0.589	0.038	-0.255	-1.807	-0.37	-0.31	0.14	0.07	0.48	1.0	1	0	1
1	11	15	315	0.0	0.0	0.0	0.0	-2.0	-0.221	-0.28	-0.022	-0.626	-2.715	-0.193	0.553	0.057	-0.035	-2.742	0.03	0.83	0.08	0.59	-0.03	1.0	1	0	1
1	11	16	316	0.0	0.0	0.0	0.0	-2.0	-0.05	-0.203	-0.036	-0.657	-2.048	0.409	0.209	0.736	0.32	-2.286	0.46	0.41	0.77	0.98	-0.24	1.0	1	0	1
1	11	17	317	0.0	0.0	0.0	0.0	-2.0	-0.016	-0.14	0.023	-0.481	-2.187	-0.348	-0.461	-0.181	-0.6	-2.729	-0.33	-0.32	-0.2	-0.12	-0.54	1.0	1	0	1
1	11	18	318	0.0	0.0	0.0	0.0	-2.0	-0.153	-0.135	0.077	-0.502	-2.608	-0.013	0.326	0.364	-0.839	-2.658	0.14	0.46	0.29	-0.34	-0.05	1.0	1	0	1
1	11	19	319	0.0	0.0	0.0	0.0	-2.0	-0.021	-0.187	-0.04	-0.339	-2.035	-0.684	0.828	0.367	-0.443	-2.132	-0.66	1.01	0.41	-0.1	-0.1	1.0	1	0	1
1	11	20	320	0.0	0.0	0.0	0.0	-2.0	-0.123	-0.154	0.032	-0.316	-1.976	-0.163	-0.03	-0.445	-0.389	-1.761	-0.04	0.12	-0.48	-0.07	0.22	1.0	1	0	1
1	11	21	321	0.0	0.0	0.0	0.0	-2.0	-0.071	-0.115	0.004	-0.253	-1.393	-0.768	-0.426	0.813	-0.295	-1.614	-0.7	-0.31	0.81	-0.04	-0.22	1.0	1	0	1
1	11	22	322	0.0	0.0	0.0	0.0	-2.0	-6.2774385622041925e+66	-6.2774385622041925e+66	-6.2774385622041925e+66	-6.2774385622041925e+66	-6.2774385622041925e+66	-6.2774385622041925e+66	-6.2774385622041925e+66	-6.2774385622041925e+66	-6.2774385622041925e+66	-6.2774385622041925e+66	0.0	0.0	0.0	0.0	0.0	1.0	0	2	1
1	11	23	323	0.0	0.0	0.0	0.0	-2.0	-0.167	-0.196	-0.013	-0.35	-2.246	-0.059	-0.02	0.83	-0.183	-2.301	0.11	0.18	0.84	0.17	-0.06	1.0	1	0	1
1	11	24	324	0.0	0.0	0.0	0.0	-2.0	-0.105	-0.115	0.014	-0.29	-2.319	0.098	-0.793	-0.655	-0.196	-2.648	0.2	-0.68	-0.67	0.09	-0.33	1.0	1	0	1
1	11	25	325	0.0	0.0	0.0	0.0	-2.0	-0.072	-0.034	0.093	-0.153	-1.779	-0.604	0.592	0.471	0.186	-1.171	-0.53	0.63	0.38	0.34	0.61	1.0	1	0	1
1	11	26	326	0.0	0.0	0.0	0.0	-2.0	-0.182	-0.061	0.046	-0.259	-2.156	-0.658	0.417	0.661	-0.712	-2.812	-0.48	0.48	0.62	-0.45	-0.66	1.0	1	0	1
1	11	27	327	0.0	0.0	0.0	0.0	-2.0	-0.15	-0.059	0.02	-0.217	-1.951	-0.761	1.18	0.558	-0.701	-1.93	-0.61	1.24	0.54	-0.48	0.02	1.0	1	0	1
1	11	28	328	0.0	0.0	0.0	0.0	-2.0	-0.035	-0.012	0.067	-0.181	-1.354	-0.022	0.455	0.234	-0.492	-1.748	0.01	0.47	0.17	-0.31	-0.39	1.0	1	0	1
1	11	29	329	0.0	0.0	0.0	0.0	-2.0	-0.137	-0.142	0.044	-0.305	-1.899	-0.387	-0.256	0.713	-0.365	-1.904	-0.25	-0.11	0.67	-0.06	-0.0	1.0	1	0	1
1	11	30	330	0.0	0.0	0.0	0.0	-2.0	-0.157	-0.082	0.071	-0.225	-1.947	-0.262	-0.371	-0.393	0.023	-1.995	-0.11	-0.29	-0.46	0.25	-0.05	1.0	1	0	1
1	12	1	331	-2.0	-2.0	0.0	-2.0	0.0	-1.628	-1.345	-1.101	-1.137	-0.169	-1.014	-1.212	-1.901	-1.012	0.999	0.61	0.13	-0.8	0.12	1.17	1.0	1	0	3
1	12	2	332	-2.0	-2.0	0.0	-2.0	0.0	-1.391	-1.846	-1.56	-0.907	-0.031	-0.547	-1.537	-1.752	-0.066	-0.554	0.84	0.31	-0.19	0.84	-0.52	1.0	1	0	3
1	12	3	333	-2.0	-2.0	0.0	-2.0	0.0	-2.036	-1.837	-2.187	-2.022	-0.106	-2.074	-1.693	-2.101	-2.668	-0.725	-0.04	0.14	0.09	-0.65	-0.62	1.0	1	0	3
1	12	4	334	-2.0	-2.0	0.0	-2.0	0.0	-1.758	-1.428	-2.547	-1.537	-0.016	-1.498	-1.362	-2.247	-1.516	-0.016	0.26	0.07	0.3	0.02	0.0	1.0	1	0	3
1	12	5	335	-2.0	-2.0	0.0	-2.0	0.0	-1.696	-1.251	-2.08	-1.636	-0.024	-1.709	-1.833	-1.468	-2.639	-0.515	-0.01	-0.58	0.61	-1.0	-0.49	1.0	1	0	3
1	12	6	336	-2.0	-2.0	0.0	-2.0	0.0	-2.41	-1.03	-1.875	-1.587	-0.051	-2.041	-0.479	-1.616	-1.585	1.242	0.37	0.55	0.26	0.0	1.29	1.0	1	0	3
1	12	7	337	-2.0	-2.0	0.0	-2.0	0.0	-2.422	-2.124	-1.498	-1.613	-0.051	-1.706	-2.704	-1.421	-0.594	0.34	0.72	-0.58	0.08	1.02	0.39	1.0	1	0	3
1	12	8	338	-2.0	-2.0	0.0	-2.0	0.0	-2.493	-1.115	-1.251	-1.839	-0.147	-2.94	-1.558	-0.883	-2.033	-0.574	-0.45	-0.44	0.37	-0.19	-0.43	1.0	1	0	3
1	12	9	339	-2.0	-2.0	0.0	-2.0	0.0	-1.896	-1.53	-1.159	-1.287	-0.077	-1.522	-0.833	-0.762	-1.215	-0.203	0.37	0.7	0.4	0.07	-0.13	1.0	1	0	3
1	12	10	340	-2.0	-2.0	0.0	-2.0	0.0	-2.46	-0.888	-1.873	-1.898	-0.198	-2.022	-0.96	-2.476	-1.994	-0.69	0.44	-0.07	-0.6	-0.1	-0.49	1.0	1	0	3
1	12	11	341	-2.0	-2.0	0.0	-2.0	0.0	-2.631	-1.137	-1.303	-1.872	-0.324	-3.158	-1.881	-1.208	-1.698	0.041	-0.53	-0.74	0.09	0.17	0.36	1.0	1	0	3
1	12	12	342	-2.0	-2.0	0.0	-2.0	0.0	-3.161	-1.807	-2.753	-1.117	-0.178	-3.265	-2.465	-2.58	-1.491	-0.31	-0.1	-0.66	0.17	-0.37	-0.13	1.0	1	0	3
1	12	13	343	-2.0	-2.0	0.0	-2.0	0.0	-2.682	-1.152	-1.858	-2.152	-0.263	-2.775	-1.278	-2.32	-2.087	-0.238	-0.09	-0.13	-0.46	0.06	0.03	1.0	1	0	3
1	12	14	344	-2.0	-2.0	0.0	-2.0	0.0	-3.041	-0.928	-2.12	-2.265	-0.205	-1.983	-0.321	-2.418	-2.716	-0.119	1.06	0.61	-0.3	-0.45	0.09	1.0	1	0	3
1	12	15	345	-2.0	-2.0	0.0	-2.0	0.0	-1.947	-1.399	-1.655	-1.472	-0.223	-0.983	-1.64	-1.829	-1.441	-0.455	0.96	-0.24	-0.17	0.03	-0.23	1.0	1	0	3
1	12	16	346	-2.0	-2.0	0.0	-2.0	0.0	-2.209	-1.548	-1.533	-1.701	-0.131	-2.508	-1.476	-1.173	-1.805	-0.522	-0.3	0.07	0.36	-0.1	-0.39	1.0	1	0	3
1	12	17	347	-2.0	-2.0	0.0	-2.0	0.0	-1.756	-1.522	-1.811	-2.035	-0.232	-2.014	-1.188	-2.112	-3.183	-0.238	-0.26	0.33	-0.3	-1.15	-0.01	1.0	1	0	3
1	12	18	348	-2.0	-2.0	0.0	-2.0	0.0	-1.98	-1.106	-1.373	-1.526	-0.193	-1.824	-0.273	-0.627	-1.435	-0.018	0.16	0.83	0.75	0.09	0.18	1.0	1	0	3
1	12	19	349	-2.0	-2.0	0.0	-2.0	0.0	-2.241	-1.536	-1.215	-1.887	-0.252	-1.352	-1.993	-1.619	-1.716	1.028	0.89	-0.46	-0.4	0.17	1.28	1.0	1	0	3
1	12	20	350	-2.0	-2.0	0.0	-2.0	0.0	-2.215	-1.339	-1.441	-1.919	-0.193	-2.758	-1.401	-1.257	-1.745	-0.07	-0.54	-0.06	0.18	0.17	0.12	1.0	1	0	3
1	12	21	351	-2.0	-2.0	0.0	-2.0	0.0	-2.646	-1.208	-2.201	-1.827	-0.128	-2.396	-1.741	-1.497	-1.609	0.492	0.25	-0.53	0.7	0.22	0.62	1.0	1	0	3
1	12	22	352	-2.0	-2.0	0.0	-2.0	0.0	-3.136	-1.373	-1.487	-1.733	-0.419	-3.309	-0.894	-1.663	-1.601	-0.663	-0.17	0.48	-0.18	0.13	-0.24	1.0	1	0	3
1	12	23	353	-2.0	-2.0	0.0	-2.0	0.0	-3.035	-1.51	-2.541	-1.565	-0.113	-3.15	-1.446	-3.584	-1.426	-0.149	-0.11	0.06	-1.04	0.14	-0.04	1.0	1	0	3
1	12	24	354	-2.0	-2.0	0.0	-2.0	0.0	-3.204	-1.644	-2.045	-2.104	-0.191	-2.836	-1.257	-1.753	-1.754	-0.143	0.37	0.39	0.29	0.35	0.05	1.0	1	0	3
1	12	25	355	-2.0	-2.0	0.0	-2.0	0.0	-2.621	-0.863	-2.449	-1.548	-0.128	-2.016	-0.444	-1.825	-2.409	0.067	0.6	0.42	0.62	-0.86	0.2	1.0	1	0	3
1	12	26	356	-2.0	-2.0	0.0	-2.0	0.0	-1.952	-1.595	-1.731	-1.677	-0.227	-2.567	-1.317	-2.224	-1.774	0.401	-0.62	0.28	-0.49	-0.1	0.63	1.0	1	0	3
1	12	27	357	-2.0	-2.0	0.0	-2.0	0.0	-1.945	-3.527	-1.132	-1.163	-0.097	-0.909	-3.032	-1.512	-0.96	-0.429	1.04	0.5	-0.38	0.2	-0.33	1.0	1	0	3
1	12	28	358	-2.0	-2.0	0.0	-2.0	0.0	-2.001	-1.842	-1.473	-1.871	-0.226	-1.761	-1.886	-2.272	-1.54	-1.208	0.24	-0.04	-0.8	0.33	-0.98	1.0	1	0	3
1	12	29	359	-2.0	-2.0	0.0	-2.0	0.0	-1.615	-3.175	-1.044	-1.23	-0.068	-1.466	-3.473	-0.873	-1.166	-0.067	0.15	-0.3	0.17	0.06	0.0	1.0	1	0	3
1	12	30	360	-2.0	-2.0	0.0	-2.0	0.0	-1.67	-3.188	-0.878	-1.132	-0.13	-1.955	-3.497	-1.583	-0.589	-0.072	-0.29	-0.31	-0.7	0.54	0.06	1.0	1	0	3
1	13	1	361	-2.0	-2.0	0.0	0.0	0.0	-3.097	-2.891	-0.006	-0.019	-0.079	-3.259	-2.963	-0.449	-0.268	-0.169	-0.16	-0.07	-0.44	-0.25	-0.09	1.0	1	0	2
1	13	2	362	-2.0	-2.0	0.0	0.0	0.0	-2.402	-2.393	-0.004	0.015	0.001	-1.629	-3.263	0.15	0.644	0.13	0.77	-0.87	0.15	0.63	0.13	1.0	1	0	2
1	13	3	363	-2.0	-2.0	0.0	0.0	0.0	-2.053	-2.154	-0.004	-0.01	-0.008	-2.103	-0.683	0.306	-0.214	-0.676	-0.05	1.47	0.31	-0.2	-0.67	1.0	1	0	2
1	13	4	364	-2.0	-2.0	0.0	0.0	0.0	-2.106	-3.197	-0.061	-0.044	-0.019	-2.039	-2.703	-0.673	-0.545	0.164	0.07	0.49	-0.61	-0.5	0.18	1.0	1	0	2
1	13	5	365	-2.0	-2.0	0.0	0.0	0.0	-2.351	-2.58	-0.094	-0.093	-0.018	-2.383	-2.55	0.013	0.421	0.342	-0.03	0.03	0.11	0.51	0.36	1.0	1	0	2
1	13	6	366	-2.0	-2.0	0.0	0.0	0.0	-1.907	-2.473	0.16	0.045	-0.058	-1.952	-2.451	0.268	-0.012	0.264	-0.04	0.02	0.11	-0.06	0.32	1.0	1	0	2
1	13	7	367	-2.0	-2.0	0.0	0.0	0.0	-1.652	-2.809	0.01	0.019	-0.003	-1.232	-2.527	0.574	-0.22	0.264	0.42	0.28	0.56	-0.24	0.27	1.0	1	0	2
1	13	8	368	-2.0	-2.0	0.0	0.0	0.0	-2.174	-3.078	-0.011	0.007	0.02	-2.307	-3.389	-0.159	-0.139	0.571	-0.13	-0.31	-0.15	-0.15	0.55	1.0	1	0	2
1	13	9	369	-2.0	-2.0	0.0	0.0	0.0	-1.124	-2.698	-0.011	0.038	-0.007	-0.957	-2.005	0.002	-1.046	-0.595	0.17	0.69	0.01	-1.08	-0.59	1.0	1	0	2
1	13	10	370	-2.0	-2.0	0.0	0.0	0.0	-1.79	-2.688	-0.011	-0.038	-0.019	-2.56	-2.472	-0.306	0.139	-0.017	-0.77	0.22	-0.3	0.18	0.0	1.0	1	0	2
1	13	11	371	-2.0	-2.0	0.0	0.0	0.0	-1.405	-2.295	-0.053	-0.024	-0.018	-1.422	-1.641	-0.082	-0.924	-0.685	-0.02	0.65	-0.03	-0.9	-0.67	1.0	1	0	2
1	13	12	372	-2.0	-2.0	0.0	0.0	0.0	-1.45	-2.894	-0.058	-0.065	-0.031	-1.059	-2.947	0.315	0.443	-0.947	0.39	-0.05	0.37	0.51	-0.92	1.0	1	0	2
1	13	13	373	-2.0	-2.0	0.0	0.0	0.0	-1.632	-2.527	-0.013	-0.066	-0.023	-1.558	-2.449	-0.24	-0.021	0.428	0.07	0.08	-0.23	0.04	0.45	1.0	1	0	2
1	13	14	374	-2.0	-2.0	0.0	0.0	0.0	-1.676	-1.441	-0.211	-0.038	-0.001	-1.607	-1.213	-1.203	-0.31	-0.395	0.07	0.23	-0.99	-0.27	-0.39	1.0	1	0	2
1	13	15	375	-2.0	-2.0	0.0	0.0	0.0	-1.47	-2.128	-0.049	-0.032	-0.048	-0.857	-2.109	0.233	0.807	-0.344	0.61	0.02	0.28	0.84	-0.3	1.0	1	0	2
1	13	16	376	-2.0	-2.0	0.0	0.0	0.0	-1.738	-2.126	-0.056	-0.046	-0.104	-1.583	-2.415	0.591	0.886	-0.656	0.16	-0.29	0.65	0.93	-0.55	1.0	1	0	2
1	13	17	377	-2.0	-2.0	0.0	0.0	0.0	-1.288	-1.938	-0.063	-0.043	-0.098	-1.507	-1.816	-0.131	0.224	-0.377	-0.22	0.12	-0.07	0.27	-0.28	1.0	1	0	2
1	13	18	378	-2.0	-2.0	0.0	0.0	0.0	-1.357	-2.181	-0.055	-0.038	-0.104	-0.544	-2.584	-0.486	0.523	-1.208	0.81	-0.4	-0.43	0.56	-1.1	1.0	1	0	2
1	13	19	379	-2.0	-2.0	0.0	0.0	0.0	-1.262	-2.282	0.017	-0.01	-0.067	-1.416	-2.157	0.052	-0.053	0.31	-0.15	0.12	0.03	-0.04	0.38	1.0	1	0	2
1	13	20	380	-2.0	-2.0	0.0	0.0	0.0	-1.857	-2.858	-0.038	-0.091	-0.075	-2.351	-3.367	-0.719	-0.256	0.443	-0.49	-0.51	-0.68	-0.16	0.52	1.0	1	0	2
1	13	21	381	-2.0	-2.0	0.0	0.0	0.0	-1.903	-3.726	0.006	-0.043	-0.089	-2.085	-3.893	-0.309	0.706	0.184	-0.18	-0.17	-0.32	0.75	0.27	1.0	1	0	2
1	13	22	382	-2.0	-2.0	0.0	0.0	0.0	-1.606	-2.893	0.023	-0.032	-0.066	-2.483	-2.589	-0.125	-0.035	0.186	-0.88	0.3	-0.15	-0.0	0.25	1.0	1	0	2
1	13	23	383	-2.0	-2.0	0.0	0.0	0.0	-1.111	-2.075	0.073	-0.019	-0.076	-1.608	-2.29	0.651	-0.423	0.194	-0.5	-0.21	0.58	-0.4	0.27	1.0	1	0	2
1	13	24	384	-2.0	-2.0	0.0	0.0	0.0	-6.2774385622041925e+66	-6.2774385622041925e+66	-6.2774385622041925e+66	-6.2774385622041925e+66	-6.2774385622041925e+66	-6.2774385622041925e+66	-6.2774385622041925e+66	-6.2774385622041925e+66	-6.2774385622041925e+66	-6.2774385622041925e+66	0.0	0.0	0.0	0.0	0.0	1.0	0	1	2
1	13	25	385	-2.0	-2.0	0.0	0.0	0.0	-1.246	-2.191	0.035	-0.003	-0.014	-0.857	-2.684	0.089	0.438	-0.129	0.39	-0.49	0.05	0.44	-0.12	1.0	1	0	2
1	13	26	386	-2.0	-2.0	0.0	0.0	0.0	-1.311	-2.208	0.015	-0.021	-0.02	-1.611	-2.332	0.908	0.064	0.657	-0.3	-0.12	0.89	0.08	0.68	1.0	1	0	2
1	13	27	387	-2.0	-2.0	0.0	0.0	0.0	-1.775	-3.188	-0.054	-0.061	-0.059	-2.338	-2.972	-1.142	-0.641	-0.598	-0.56	0.22	-1.09	-0.58	-0.54	1.0	1	0	2
1	13	28	388	-2.0	-2.0	0.0	0.0	0.0	-1.3	-2.489	0.052	-0.002	0.001	-1.209	-2.965	-0.002	-0.867	0.184	0.09	-0.48	-0.05	-0.86	0.18	1.0	1	0	2
1	13	29	389	-2.0	-2.0	0.0	0.0	0.0	-1.775	-3.066	0.0	-0.022	-0.06	-1.638	-2.535	-0.0	-0.478	-0.647	0.14	0.53	-0.0	-0.46	-0.59	1.0	1	0	2
1	13	30	390	-2.0	-2.0	0.0	0.0	0.0	-1.5	-2.699	-0.064	-0.083	-0.076	-1.689	-2.848	0.78	-0.625	-0.833	-0.19	-0.15	0.84	-0.54	-0.76	1.0	1	0	2
1	14	1	391	0.0	0.0	-2.0	0.0	-2.0	-0.119	-0.361	-1.811	-0.84	-1.983	0.656	-0.913	-1.485	-1.764	-2.307	0.78	-0.55	0.33	-0.92	-0.32	1.0	1	0	2
1	14	2	392	0.0	0.0	-2.0	0.0	-2.0	-0.217	-0.545	-2.274	-1.808	-2.064	-0.024	0.128	-2.059	-2.144	-1.77	0.19	0.67	0.21	-0.34	0.29	1.0	1	0	2
1	14	3	393	0.0	0.0	-2.0	0.0	-2.0	-0.123	-0.307	-2.363	-1.71	-0.971	0.33	-0.286	-1.62	-2.017	-1.194	0.45	0.02	0.74	-0.31	-0.22	1.0	1	0	2
1	14	4	394	0.0	0.0	-2.0	0.0	-2.0	-0.043	-0.616	-1.89	-1.211	-1.325	0.213	-1.395	-1.446	-1.49	-1.623	0.26	-0.78	0.44	-0.28	-0.3	1.0	1	0	2
1	14	5	395	0.0	0.0	-2.0	0.0	-2.0	-0.152	-0.329	-1.441	-1.893	-1.731	-0.347	-0.474	-1.292	-1.711	-0.923	-0.19	-0.14	0.15	0.18	0.81	1.0	1	0	2
1	14	6	396	0.0	0.0	-2.0	0.0	-2.0	-6.2774385622041925e+66	-6.2774385622041925e+66	-6.2774385622041925e+66	-6.2774385622041925e+66	-6.2774385622041925e+66	-6.2774385622041925e+66	-6.2774385622041925e+66	-6.2774385622041925e+66	-6.2774385622041925e+66	-6.2774385622041925e+66	0.0	0.0	0.0	0.0	0.0	1.0	0	2	2
1	14	7	397	0.0	0.0	-2.0	0.0	-2.0	-0.072	-0.233	-1.534	-1.434	-1.15	-0.197	0.143	-1.621	-1.639	-0.796	-0.12	0.38	-0.09	-0.21	0.35	1.0	1	0	2
1	14	8	398	0.0	0.0	-2.0	0.0	-2.0	-6.2774385622041925e+66	-6.2774385622041925e+66	-6.2774385622041925e+66	-6.2774385622041925e+66	-6.2774385622041925e+66	-6.2774385622041925e+66	-6.2774385622041925e+66	-6.2774385622041925e+66	-6.2774385622041925e+66	-6.2774385622041925e+66	0.0	0.0	0.0	0.0	0.0	1.0	0	2	2
1	14	9	399	0.0	0.0	-2.0	0.0	-2.0	-0.236	-0.607	-2.18	-2.268	-2.684	-0.534	0.366	-2.187	-3.014	-3.63	-0.3	0.97	-0.01	-0.75	-0.95	1.0	1	0	2
1	14	10	400	0.0	0.0	-2.0	0.0	-2.0	-0.212	-0.53	-2.108	-1.956	-2.168	-0.719	-0.177	-2.348	-0.849	-1.701	-0.51	0.35	-0.24	1.11	0.47	1.0	1	0	2
1	14	11	401	0.0	0.0	-2.0	0.0	-2.0	-0.142	-0.504	-2.015	-1.706	-1.625	-0.877	-1.087	-2.643	-2.283	-2.394	-0.74	-0.58	-0.63	-0.58	-0.77	1.0	1	0	2
1	14	12	402	0.0	0.0	-2.0	0.0	-2.0	-0.172	-0.45	-2.222	-2.098	-2.842	0.241	-0.513	-2.12	-2.295	-4.047	0.41	-0.06	0.1	-0.2	-1.2	1.0	1	0	2
1	14	13	403	0.0	0.0	-2.0	0.0	-2.0	-0.057	-0.096	-1.389	-1.446	-1.678	0.524	0.336	-2.151	-1.723	-2.028	0.58	0.43	-0.76	-0.28	-0.35	1.0	1	0	2
1	14	14	404	0.0	0.0	-2.0	0.0	-2.0	-0.04	-0.314	-1.299	-1.15	-1.437	-0.806	-1.099	-2.002	-0.988	-1.439	-0.77	-0.78	-0.7	0.16	-0.0	1.0	1	0	2
1	14	15	405	0.0	0.0	-2.0	0.0	-2.0	-0.104	-0.406	-1.541	-1.436	-1.041	0.446	0.972	-1.34	-1.74	-0.868	0.55	1.38	0.2	-0.3	0.17	1.0	1	0	2
1	14	16	406	0.0	0.0	-2.0	0.0	-2.0	-0.03	-0.313	-1.532	-1.491	-0.831	-0.129	0.241	-1.335	-0.733	-0.595	-0.1	0.55	0.2	0.76	0.24	1.0	1	0	2
1	14	17	407	0.0	0.0	-2.0	0.0	-2.0	-0.109	-0.278	-1.361	-1.468	-1.561	0.124	-0.637	-1.399	-1.121	-1.505	0.23	-0.36	-0.04	0.35	0.06	1.0	1	0	2
1	14	18	408	0.0	0.0	-2.0	0.0	-2.0	-0.091	-0.351	-1.673	-1.721	-1.395	-0.503	-0.227	-0.838	-1.28	-1.922	-0.41	0.12	0.84	0.44	-0.53	1.0	1	0	2
1	14	19	409	0.0	0.0	-2.0	0.0	-2.0	-0.006	-0.295	-2.027	-0.996	-1.228	-0.884	-0.042	-1.945	-0.629	-0.98	-0.88	0.25	0.08	0.37	0.25	1.0	1	0	2
1	14	20	410	0.0	0.0	-2.0	0.0	-2.0	-0.006	-0.347	-1.531	-1.137	-1.114	0.573	-1.076	-1.511	-0.667	-0.879	0.58	-0.73	0.02	0.47	0.24	1.0	1	0	2
1	14	21	411	0.0	0.0	-2.0	0.0	-2.0	-0.004	-0.447	-2.053	-1.648	-1.584	-1.172	-0.788	-1.884	-1.848	-0.576	-1.17	-0.34	0.17	-0.2	1.01	1.0	1	0	2
1	14	22	412	0.0	0.0	-2.0	0.0	-2.0	-0.043	-0.074	-1.274	-1.902	-2.097	-0.297	0.098	-1.257	-2.003	-2.202	-0.25	0.17	0.02	-0.1	-0.1	1.0	1	0	2
1	14	23	413	0.0	0.0	-2.0	0.0	-2.0	-0.005	-0.288	-1.769	-1.528	-1.456	0.015	-0.992	-1.965	-1.154	-1.142	0.02	-0.7	-0.2	0.37	0.31	1.0	1	0	2
1	14	24	414	0.0	0.0	-2.0	0.0	-2.0	-0.006	-0.322	-2.423	-2.125	-1.203	0.095	0.114	-2.207	-1.732	-0.455	0.1	0.44	0.22	0.39	0.75	1.0	1	0	2
1	14	25	415	0.0	0.0	-2.0	0.0	-2.0	-0.006	-0.199	-1.155	-1.719	-2.053	-0.101	0.01	-1.687	-2.048	-2.953	-0.1	0.21	-0.53	-0.33	-0.9	1.0	1	0	2
1	14	26	416	0.0	0.0	-2.0	0.0	-2.0	0.004	-0.218	-2.155	-1.51	-1.181	0.284	-0.758	-2.452	-1.218	-0.63	0.28	-0.54	-0.3	0.29	0.55	1.0	1	0	2
1	14	27	417	0.0	0.0	-2.0	0.0	-2.0	-0.006	-0.128	-1.555	-1.69	-1.496	-0.131	-0.956	-2.009	-0.909	-2.011	-0.12	-0.83	-0.45	0.78	-0.52	1.0	1	0	2
1	14	28	418	0.0	0.0	-2.0	0.0	-2.0	-0.007	-0.214	-1.681	-1.497	-0.974	-0.23	0.389	-1.892	-2.635	-0.749	-0.22	0.6	-0.21	-1.14	0.22	1.0	1	0	2
1	14	29	419	0.0	0.0	-2.0	0.0	-2.0	-0.005	-0.233	-2.122	-1.591	-1.201	-0.65	-0.492	-2.499	-0.901	-1.295	-0.64	-0.26	-0.38	0.69	-0.09	1.0	1	0	2
1	14	30	420	0.0	0.0	-2.0	0.0	-2.0	-0.007	-0.297	-1.792	-1.881	-1.523	-0.109	-0.565	-2.025	-2.069	-1.946	-0.1	-0.27	-0.23	-0.19	-0.42	1.0	1	0	2
1	15	1	421	0.0	-2.0	0.0	0.0	-2.0	-0.116	-2.197	-0.27	-0.462	-1.565	-0.747	-2.168	-0.048	-0.271	-2.283	-0.63	0.03	0.22	0.19	-0.72	1.0	1	0	2
1	15	2	422	0.0	-2.0	0.0	0.0	-2.0	-0.159	-1.318	-0.171	-0.296	-1.367	-0.278	-1.815	0.262	-0.543	-1.213	-0.12	-0.5	0.43	-0.25	0.15	1.0	1	0	2
1	15	3	423	0.0	-2.0	0.0	0.0	-2.0	-0.195	-2.552	-0.226	-0.329	-1.434	0.408	-3.031	-0.529	-1.17	-0.511	0.6	-0.48	-0.3	-0.84	0.92	1.0	1	0	2
1	15	4	424	0.0	-2.0	0.0	0.0	-2.0	-0.031	-2.334	-0.27	-0.438	-1.892	-0.188	-1.895	-0.349	-0.461	-1.815	-0.16	0.44	-0.08	-0.02	0.08	1.0	1	0	2
1	15	5	425	0.0	-2.0	0.0	0.0	-2.0	-0.197	-3.09	-0.522	-0.689	-2.177	-1.42	-2.878	-0.426	-0.974	-2.226	-1.22	0.21	0.1	-0.29	-0.05	1.0	1	0	2
1	15	6	426	0.0	-2.0	0.0	0.0	-2.0	-0.218	-2.594	-0.486	-0.874	-2.289	-1.036	-2.83	-0.193	-1.12	-2.554	-0.82	-0.24	0.29	-0.25	-0.26	1.0	1	0	2
1	15	7	427	0.0	-2.0	0.0	0.0	-2.0	-0.368	-3.177	-0.334	-0.562	-2.442	-0.248	-3.367	-0.62	-0.914	-2.803	0.12	-0.19	-0.29	-0.35	-0.36	1.0	1	0	2
1	15	8	428	0.0	-2.0	0.0	0.0	-2.0	-0.291	-2.633	-0.732	-0.843	-2.39	-0.409	-2.974	-0.698	-0.777	-3.588	-0.12	-0.34	0.03	0.07	-1.2	1.0	1	0	2
1	15	9	429	0.0	-2.0	0.0	0.0	-2.0	-6.2774385622041925e+66	-6.2774385622041925e+66	-6.2774385622041925e+66	-6.2774385622041925e+66	-6.2774385622041925e+66	-6.2774385622041925e+66	-6.2774385622041925e+66	-6.2774385622041925e+66	-6.2774385622041925e+66	-6.2774385622041925e+66	0.0	0.0	0.0	0.0	0.0	1.0	0	1	2
1	15	10	430	0.0	-2.0	0.0	0.0	-2.0	-0.362	-3.318	-0.717	-1.062	-2.718	0.556	-3.423	-0.143	-0.679	-2.574	0.92	-0.1	0.57	0.38	0.14	1.0	1	0	2
1	15	11	431	0.0	-2.0	0.0	0.0	-2.0	-0.381	-3.682	-0.545	-0.794	-2.801	-0.487	-3.913	-0.421	-1.191	-3.77	-0.11	-0.23	0.12	-0.4	-0.97	1.0	1	0	2
1	15	12	432	0.0	-2.0	0.0	0.0	-2.0	-0.297	-2.946	-0.611	-0.927	-2.617	-0.404	-2.856	-0.761	-1.632	-3.213	-0.11	0.09	-0.15	-0.7	-0.6	1.0	1	0	2
1	15	13	433	0.0	-2.0	0.0	0.0	-2.0	-0.269	-2.228	-0.642	-1.061	-2.596	0.179	-2.811	-1.24	-1.389	-2.123	0.45	-0.58	-0.6	-0.33	0.47	1.0	1	0	2
1	15	14	434	0.0	-2.0	0.0	0.0	-2.0	-0.331	-2.521	-0.55	-1.053	-2.574	-0.797	-2.778	-1.14	-1.062	-3.163	-0.47	-0.26	-0.59	-0.01	-0.59	1.0	1	0	2
1	15	15	435	0.0	-2.0	0.0	0.0	-2.0	-0.3	-3.002	-0.719	-1.102	-2.493	0.12	-2.543	-0.477	-1.449	-1.986	0.42	0.46	0.24	-0.35	0.51	1.0	1	0	2
1	15	16	436	0.0	-2.0	0.0	0.0	-2.0	-0.283	-2.476	-0.517	-1.11	-2.534	0.474	-2.666	-0.239	-0.455	-3.062	0.76	-0.19	0.28	0.66	-0.53	1.0	1	0	2
1	15	17	437	0.0	-2.0	0.0	0.0	-2.0	-0.341	-2.564	-0.411	-0.746	-2.222	0.073	-2.673	0.508	-0.639	-2.826	0.41	-0.11	0.92	0.11	-0.6	1.0	1	0	2
1	15	18	438	0.0	-2.0	0.0	0.0	-2.0	-0.373	-3.301	-0.255	-0.456	-2.194	-0.775	-2.743	-0.269	-0.451	-1.748	-0.4	0.56	-0.01	0.01	0.45	1.0	1	0	2
1	15	19	439	0.0	-2.0	0.0	0.0	-2.0	-0.425	-2.665	-0.501	-0.719	-1.836	-0.047	-1.287	-0.399	-0.124	-2.382	0.38	1.38	0.1	0.6	-0.55	1.0	1	0	2
1	15	20	440	0.0	-2.0	0.0	0.0	-2.0	-0.325	-2.875	-0.245	-0.481	-1.667	-0.209	-3.296	-0.069	-1.379	-2.497	0.12	-0.42	0.18	-0.9	-0.83	1.0	1	0	2
1	15	21	441	0.0	-2.0	0.0	0.0	-2.0	-0.26	-2.222	-0.055	-0.155	-1.519	0.446	-2.559	0.912	-0.077	-1.402	0.71	-0.34	0.97	0.08	0.12	1.0	1	0	2
1	15	22	442	0.0	-2.0	0.0	0.0	-2.0	-0.323	-2.707	-0.264	-0.565	-1.962	-0.823	-3.103	-0.142	-1.655	-2.382	-0.5	-0.4	0.12	-1.09	-0.42	1.0	1	0	2
1	15	23	443	0.0	-2.0	0.0	0.0	-2.0	-0.319	-2.566	-0.301	-0.603	-1.756	-0.274	-2.585	-0.899	0.292	-1.152	0.04	-0.02	-0.6	0.9	0.6	1.0	1	0	2
1	15	24	444	0.0	-2.0	0.0	0.0	-2.0	-0.377	-3.521	-0.459	-0.628	-2.57	-0.159	-4.024	0.083	-0.578	-3.323	0.22	-0.5	0.54	0.05	-0.75	1.0	1	0	2
1	15	25	445	0.0	-2.0	0.0	0.0	-2.0	-6.2774385622041925e+66	-6.2774385622041925e+66	-6.2774385622041925e+66	-6.2774385622041925e+66	-6.2774385622041925e+66	-6.2774385622041925e+66	-6.2774385622041925e+66	-6.2774385622041925e+66	-6.2774385622041925e+66	-6.2774385622041925e+66	0.0	0.0	0.0	0.0	0.0	1.0	0	2	2
1	15	26	446	0.0	-2.0	0.0	0.0	-2.0	-0.179	-1.704	-0.102	-0.292	-2.172	-0.308	-1.296	0.618	-0.019	-1.834	-0.13	0.41	0.72	0.27	0.34	1.0	1	0	2
1	15	27	447	0.0	-2.0	0.0	0.0	-2.0	-0.206	-2.473	-0.047	-0.228	-1.645	-0.362	-2.791	0.393	-0.627	-1.737	-0.16	-0.32	0.44	-0.4	-0.09	1.0	1	0	2
1	15	28	448	0.0	-2.0	0.0	0.0	-2.0	-0.19	-2.169	-0.171	-0.283	-1.467	-0.867	-2.238	0.499	-0.545	-1.442	-0.68	-0.07	0.67	-0.26	0.03	1.0	1	0	2
1	15	29	449	0.0	-2.0	0.0	0.0	-2.0	-0.243	-2.506	-0.265	-0.264	-1.408	-0.681	-2.512	0.293	-1.149	-1.471	-0.44	-0.01	0.56	-0.88	-0.06	1.0	1	0	2
1	15	30	450	0.0	-2.0	0.0	0.0	-2.0	-0.172	-2.054	-0.271	-0.357	-1.453	-0.603	-1.145	-0.322	-0.436	-1.831	-0.43	0.91	-0.05	-0.08	-0.38	1.0	1	0	2
